Workbook

Sheet ABSENSI PER TMT
B1: DATA ABSENSI SDM YAYASAN BINA INSAN MULIA BATAM PER TMT
B3: 1 | C3: 2 | D3: 3 | E3: 4 | F3: 5 | G3: 7 | H3: 8 | I3: 9 | J3: 10 | K3: 11 | L3: 12 | M3: 13 | N3: 14 | O3: 15 | P3: 16 | Q3: 17 | R3: 18 | S3: 19 | T3: 20 | U3: 21 | V3: 22 | W3: 23 | X3: 24 | Y3: 25 | Z3: 26 | AA3: 27 | AB3: 28 | AC3: 29 | AD3: 30 | AE3: 31 | AF3: 32 | AG3: 33 | AH3: 34 | AI3: 35
A4: No | B4: KODESLIP | C4: NAMA | D4: NRK | E4: UNIT | F4: TTL | G4: JOIN DATE | H4: MASA KERJA | I4: STATUS KARY. | J4: STATUS PERNIKAHAN | K4: PENDIDIKAN | L4: GRADE | M4: GRADE KHUSUS | N4: JABATAN | O4: KODE JABATAN | P4: JML HARI KERJA | Q4: ON TIME | R4: TELAT | S4: SAKIT | T4: IZIN | U4: TANPA KET. | V4: ESKUL PRAMUKA | W4: INST. RENANG | X4: ASST. RENANG | Y4: TUGAS DI HR. KERJA | Z4: TGS. DI HR. LIBUR | AA4: ASST. RENANG | AB4: TAMBAH JAM M'AJAR | AC4: DAYCARE BAYI | AD4: DAY CARE ANAK PG-TK | AE4: MASUK MALAM | AF4: MUSRIF/AH | AG4: NIHIL | AH4: NIHIL | AI4: NIHIL
A5: 1 | B5: SLP001 | C5: KARLINA | D5: 210.0005 | E5: TKIT | F5: Madiun, 21 April 1977 | G5: 40379 | H5: 12 | I5: TETAP | J5: BM | K5: SMA | L5: IA | M5: IA5 | N5: =VLOOKUP(O5,'TJ. FUNGSIONAL'!$B$4:$C$34,2,0) -> Staf Admin RA | O5: ADR
A6: 2 | B6: SLP002 | C6: MUNADIROH | D6: 210.0008 | E6: SDIT | F6: Jember, 12 Desember 1985 | G6: 40379 | H6: 12 | I6: TETAP | J6: M3 | K6: S1 | L6: IIC | M6: IIIA1 | N6: =VLOOKUP(O6,'TJ. FUNGSIONAL'!$B$4:$C$34,2,0) -> Kepala SD | O6: KAD
A7: 3 | B7: SLP003 | C7: ESTI SUSILOWATI | D7: 210.0010 | E7: TKIT | F7: Sleman, 19 Maret 1980 | G7: 40379 | H7: 12 | I7: TETAP | J7: M3 | K7: S1 | L7: IC | M7: IIA1 | N7: =VLOOKUP(O7,'TJ. FUNGSIONAL'!$B$4:$C$34,2,0) -> Kepala RA | O7: KAR
A8: 4 | B8: SLP004 | C8: DORIOMAS | D8: 210.0013 | E8: TKIT | F8: Purba Bangun, 01 April 1971 | G8: 40379 | H8: 12 | I8: TETAP | J8: M5 | K8: SMA | L8: IA | M8: IA5 | N8: =VLOOKUP(O8,'TJ. FUNGSIONAL'!$B$4:$C$34,2,0) -> Petugas Kebersihan | O8: PKR
A9: 5 | B9: SLP005 | C9: SITI MUTOFIAH | D9: 210.0017 | E9: TKIT | F9: Nganjuk 19-12-1986 | G9: 40513 | H9: 11 | I9: TETAP | J9: M2 | K9: S1 | L9: IC | M9: IC5 | N9: =VLOOKUP(O9,'TJ. FUNGSIONAL'!$B$4:$C$34,2,0) -> Wakil Kepala RA | O9: WAR
A10: 6 | B10: SLP006 | C10: SITI MASITOH | D10: 211.0020 | E10: SDIT | F10: Lamongan, 06-06-1980 | G10: 40716 | H10: 11 | I10: TETAP | J10: M5 | K10: S1 | L10: IB | M10: IB5 | N10: =VLOOKUP(O10,'TJ. FUNGSIONAL'!$B$4:$C$34,2,0) -> Wakil Kepala SD | O10: WAD
A11: 7 | B11: SLP007 | C11: NANIK SRIYANI | D11: 212.0030 | E11: SDIT | F11: Karanganyar, 06-02-1983 | G11: 41094 | H11: 10 | I11: TETAP | J11: M1 | K11: S1 | L11: IIB | M11: IIB7 | N11: =VLOOKUP(O11,'TJ. FUNGSIONAL'!$B$4:$C$34,2,0) -> Kepala Divisi | O11: KDV
A12: 8 | B12: SLP008 | C12: JENI ABDUL AZIZ | D12: 213.0037 | E12: SDIT | F12: Tasikmalaya, 08-02-1991 | G12: 41465 | H12: 9 | I12: TETAP | J12: BM | K12: S1 | L12: IIB | M12: IIB7 | N12: =VLOOKUP(O12,'TJ. FUNGSIONAL'!$B$4:$C$34,2,0) -> Kepala Divisi | O12: KDV
A13: 9 | B13: SLP009 | C13: SURYANA | D13: 214.0054 | E13: SMPIT | F13: Tembilahan, 12-09-1989 | G13: 41834 | H13: 8 | I13: TETAP | J13: BM | K13: S1 | L13: IIB | M13: IIB10 | N13: =VLOOKUP(O13,'TJ. FUNGSIONAL'!$B$4:$C$34,2,0) -> Wakil Kepala SMP | O13: WAP
A14: 10 | B14: SLP010 | C14: JUMAINI | D14: 214.0064 | E14: TKIT | F14: Desa Bantan, 21-01-1984 | G14: 41871 | H14: 7 | I14: TETAP | J14: M3 | K14: SMA | L14: IA | M14: IA5 | N14: =VLOOKUP(O14,'TJ. FUNGSIONAL'!$B$4:$C$34,2,0) -> Karywn Penitipan | O14: KYP
A15: 11 | B15: SLP011 | C15: ERLINA SAGALA | D15: 215.0065 | E15: SMPIT | F15: Jumah, 16-06-1984 | G15: 42122 | H15: 7 | I15: TETAP | J15: BM | K15: SMA | L15: IB | M15: IC1 | N15: =VLOOKUP(O15,'TJ. FUNGSIONAL'!$B$4:$C$34,2,0) -> Wakil Kepala SMP | O15: WAP
A16: 12 | B16: SLP012 | C16: AYEP | D16: 216.0084 | E16: SDIT | F16: Bandung, 10-04-1992 | G16: 42591 | H16: 5 | I16: TETAP | J16: BM | K16: S1 | L16: IB | M16: IC5 | N16: =VLOOKUP(O16,'TJ. FUNGSIONAL'!$B$4:$C$34,2,0) -> Wakil Kepala SD | O16: WAD
... A25: 21 | B25: SLP021 | C25: ARIS WIDARSO | D25: 218.0116 | E25: SDIT | F25: Kendal, 19 Januari 1993 | G25: 43297 | H25: 4 | I25: TETAP | J25: BM | K25: S1 | L25: IC | M25: IC5 | N25: =VLOOKUP(O25,'TJ. FUNGSIONAL'!$B$4:$C$34,2,0) -> Wakil Kepala SD | O25: WADD
A26: 22 | B26: SLP022 | C26: NOVITA PUTRI FATMA | D26: 218.0120 | E26: TKIT | F26: Sidoarjo, 08 September 2000 | G26: 20-Agust-2018 | H26: 3 | I26: KONTRAK | J26: BM | K26: SMA | L26: IA | M26: IB1 | N26: =VLOOKUP(O26,'TJ. FUNGSIONAL'!$B$4:$C$34,2,0) -> Wali Kelas RA | O26: WKR
A27: 23 | B27: SLP023 | C27: IZA FARIDATUL AMALIA | D27: 218.0119 | E27: TKIT | F27: Jember, 14 Oktober 2000 | G27: 43346 | H27: 3 | I27: KONTRAK | J27: BM | K27: SMA | L27: IA | M27: IA1 | N27: =VLOOKUP(O27,'TJ. FUNGSIONAL'!$B$4:$C$34,2,0) -> Wakil Kepala RA | O27: WAR
A28: 24 | B28: SLP024 | C28: LISTIA NURULITA | D28: 219.0126 | E28: YAYASAN | F28: Banyumas, 7 Maret 1979 | G28: 43600 | H28: 2 | I28: KONTRAK | J28: M5 | K28: SMA | L28: IB | M28: IC1 | N28: =VLOOKUP(O28,'TJ. FUNGSIONAL'!$B$4:$C$34,2,0) -> Staf Yayasan | O28: SAY
A29: 25 | B29: SLP025 | C29: WIDIYANTI | D29: 219.0136 | E29: SDIT | F29: Pekauman Kulon, 16 Juni 1990 | G29: 15 Oktober 2019 | H29: 2 | I29: KONTRAK | J29: BM | K29: S1 | L29: IC | M29: IC1 | N29: =VLOOKUP(O29,'TJ. FUNGSIONAL'!$B$4:$C$34,2,0) -> Wakil Kepala SD | O29: WADD
A30: 26 | B30: SLP026 | C30: ADE PIRDANA P | D30: 219.0140 | E30: SDIT | F30: Kumpulan, 23 Desember 1993 | G30: 15 Oktober 2019 | H30: 2 | I30: KONTRAK | J30: BM | K30: S1 | L30: IB | M30: IB5 | N30: =VLOOKUP(O30,'TJ. FUNGSIONAL'!$B$4:$C$34,2,0) -> Guru Mapel SD | O30: GMD
A31: 27 | B31: SLP027 | C31: SRI INDRA WAHYUNI | D31: 219.0137 | E31: SDIT | F31: Dumai, 01 September 1994 | G31: 15 Oktober 2019 | H31: 2 | I31: KONTRAK | J31: BM | K31: S2 | L31: IC | M31: IIA1 | N31: =VLOOKUP(O31,'TJ. FUNGSIONAL'!$B$4:$C$34,2,0) -> Wakil Kepala SD | O31: wadd
A32: 28 | B32: SLP028 | C32: MOCHAMAD TOYIB | D32: 219.0141 | E32: SDIT | F32: Batam, 31 Juli 1997 | G32: 19 Oktober 2019 | H32: 2 | I32: KONTRAK | J32: M1 | K32: SMA | L32: IA | M32: IA7 | N32: =VLOOKUP(O32,'TJ. FUNGSIONAL'!$B$4:$C$34,2,0) -> Petugas Keamanan | O32: PKY
A33: 29 | B33: SLP029 | C33: DESI MUTIARA | D33: 219.0145 | E33: SDIT | F33: Prabumulih, 22 Desember 1995 | G33: 43780 | H33: 2 | I33: KONTRAK | J33: BM | K33: S1 | L33: IB | M33: IB5 | N33: =VLOOKUP(O33,'TJ. FUNGSIONAL'!$B$4:$C$34,2,0) -> Wali Kelas SD | O33: WKD
A34: 30 | B34: SLP030 | C34: ANDY | D34: 220.0146 | E34: SDIT | F34: Batam, 8 Januari 1996 | G34: 3 Januari 2020 | H34: 2 | I34: KONTRAK | J34: M2 | K34: SMA | L34: IA | M34: IA1 | N34: =VLOOKUP(O34,'TJ. FUNGSIONAL'!$B$4:$C$34,2,0) -> Petugas Keamanan | O34: PKY
A35: 31 | B35: SLP031 | C35: DENNI SUKMA | D35: 220.0148 | E35: SDIT | F35: Padang, 22 Januari 1986 | G35: 3 Februari 2020 | H35: 2 | I35: KONTRAK | J35: M2 | K35: S1 | L35: IB | M35: IB5 | N35: =VLOOKUP(O35,'TJ. FUNGSIONAL'!$B$4:$C$34,2,0) -> Wali Kelas SD | O35: WKD
A36: 32 | B36: SLP032 | C36: CICI HAFSHAH SIPAHUTAR | D36: 220.0149 | E36: SDIT | F36: Bandar Selamat, 11 Oktober 1992 | G36: 3 Februari 2020 | H36: 2 | I36: KONTRAK | J36: M0 | K36: S2 | L36: IC | M36: IC7 | N36: =VLOOKUP(O36,'TJ. FUNGSIONAL'!$B$4:$C$34,2,0) -> Guru Mapel SD | O36: GMD
A37: 33 | B37: SLP033 | C37: ELSI ERIES SANTI | D37: 220.0151 | E37: SDIT | F37: Teluk Kuantan,13 September 1991 | G37: 24 Februari 2020 | H37: 2 | I37: KONTRAK | J37: M0 | K37: S1 | L37: IB | M37: IB7 | N37: =VLOOKUP(O37,'TJ. FUNGSIONAL'!$B$4:$C$34,2,0) -> Wali Kelas SD | O37: WKD
A38: 34 | B38: SLP034 | C38: DEWI PRATIWI | D38: 220.0152 | E38: SDIT | F38: Tangkahan Durian, 5 Desember 1995 | G38: 25 Februari 2020 | H38: 2 | I38: KONTRAK | J38: BM | K38: S1 | L38: IB | M38: IC1 | N38: =VLOOKUP(O38,'TJ. FUNGSIONAL'!$B$4:$C$34,2,0) -> Wakil Kepala SD | O38: wadd
A39: 35 | B39: SLP035 | C39: HANNA NUR HAFAZAH | D39: 220.0155 | E39: SMPIT | F39: DKI Jakarta, 14 Agustus 1995 | G39: 6 Juli 2020 | H39: 2 | I39: KONTRAK | J39: M0 | K39: S-1 | L39: IB | M39: IB7 | N39: =VLOOKUP(O39,'TJ. FUNGSIONAL'!$B$4:$C$34,2,0) -> Guru Quran SMP | O39: GQP
A40: 36 | B40: SLP036 | C40: SUSI MARLITA | D40: 220.0157 | E40: SDIT | F40: Medan, 31 Maret 1978 | G40: 7 Oktober 2020 | H40: 1 | I40: KONTRAK | J40: BM | K40: D-3 | L40: IB | M40: IB3 | N40: =VLOOKUP(O40,'TJ. FUNGSIONAL'!$B$4:$C$34,2,0) -> Guru Quran SD | O40: GQD
A41: 37 | B41: SLP037 | C41: ESA YUSUF EFFENDI | D41: 221.0163 | E41: SDIT | F41: Tanjung Uban, 28 September 1999 | G41: 11 Juli 2021 | H41: 1 | I41: KONTRAK | J41: BM | K41: SMA | L41: IA | M41: IA1 | N41: =VLOOKUP(O41,'TJ. FUNGSIONAL'!$B$4:$C$34,2,0) -> Guru Quran SD | O41: GQD
A42: 38 | B42: SLP038 | C42: RAMA SATRIA | D42: 221.0165 | E42: SDIT | F42: Lahat, 16 Juli 1999 | G42: 11 Juli 2021 | H42: 1 | I42: KONTRAK | J42: BM | K42: SMA | L42: IA | M42: IA1 | N42: =VLOOKUP(O42,'TJ. FUNGSIONAL'!$B$4:$C$34,2,0) -> Guru Quran SD | O42: GQD
A43: 39 | B43: SLP039 | C43: RIKHA IKKE NURIANI | D43: 221.0170 | E43: SDIT | F43: Batam, 25 Juli 1998 | G43: 11 Juli 2021 | H43: 1 | I43: KONTRAK | J43: BM | K43: S1 | L43: IB | M43: IC1 | N43: =VLOOKUP(O43,'TJ. FUNGSIONAL'!$B$4:$C$34,2,0) -> Guru Mapel SD | O43: GMD
A44: 40 | B44: SLP040 | C44: NUR MEILISA PUTRI | D44: 221.0173 | E44: SDIT | F44: Gebang, 17 Mei 1998 | G44: 11 Juli 2021 | H44: 1 | I44: KONTRAK | J44: M2 | K44: S1 | L44: IB | M44: IC1 | N44: =VLOOKUP(O44,'TJ. FUNGSIONAL'!$B$4:$C$34,2,0) -> Guru Quran SD | O44: GQD
A45: 41 | B45: SLP041 | C45: FARHANI AL ZIKRA | D45: 221.0178 | E45: SMPIT | F45: Kuantan Pahang, Malaysia, 12 Desember 1997 | G45: 44457 | H45: 0 | I45: KONTRAK | J45: BM | K45: S-1 | L45: IB | M45: IC1 | N45: =VLOOKUP(O45,'TJ. FUNGSIONAL'!$B$4:$C$34,2,0) -> Guru Mapel SMP | O45: GMP
A46: 42 | B46: SLP042 | C46: JAMALIANDA SAPUTRA | D46: 221.0180 | E46: SDIT | F46: Tanah Merah, 25 Januari 2001 | G46: 44508 | H46: 0 | I46: KONTRAK | J46: BM | K46: SMA | L46: IA | M46: IA1 | N46: =VLOOKUP(O46,'TJ. FUNGSIONAL'!$B$4:$C$34,2,0) -> Guru Quran SD | O46: GQD
A47: 43 | B47: SLP043 | C47: DEVI SEPTRIANA | D47: 221.0181 | E47: SDIT | F47: Batam, 1 September 1998 | G47: 44508 | H47: 0 | I47: KONTRAK | J47: BM | K47: SMA | L47: IA | M47: IA1 | N47: =VLOOKUP(O47,'TJ. FUNGSIONAL'!$B$4:$C$34,2,0) -> Guru Quran SD | O47: GQD
A48: 44 | B48: SLP044 | C48: EMILIA | D48: 222.0182 | E48: SDIT | F48: Aceh, 26 Agustus 1973 | G48: 14 Februari 2022 | H48: 0 | I48: KONTRAK | J48: M3 | K48: SMA | L48: 1A | M48: 1A1 | N48: =VLOOKUP(O48,'TJ. FUNGSIONAL'!$B$4:$C$34,2,0) -> Petugas Dapur | O48: PDY
A49: 45 | B49: SLP045 | C49: SRI ASTUTI | D49: 222.0183 | E49: SDIT | F49: Minta Kasih, 12 Mei 1980 | G49: 14 Februari 2022 | H49: 0 | I49: KONTRAK | J49: M2 | K49: SMA | L49: 1A | M49: 1A1 | N49: =VLOOKUP(O49,'TJ. FUNGSIONAL'!$B$4:$C$34,2,0) -> Petugas Dapur | O49: PDY
A50: 46 | B50: SLP046 | C50: FURQON BANI ADAM | D50: 222.0184 | E50: SDIT | F50: Jember, 02 Februari 2000 | G50: 15 Maret 2022 | H50: 0 | I50: KONTRAK | J50: BM | K50: SMA | L50: IA | M50: IA1 | N50: =VLOOKUP(O50,'TJ. FUNGSIONAL'!$B$4:$C$34,2,0) -> Guru Quran SD | O50: GQD
A51: 47 | B51: SLP047 | C51: FAIZAH AZMI | D51: 222.0185 | E51: SDIT | F51: Batam, 03 Agustus 1998 | G51: 28 Maret 2022 | H51: 0 | I51: KONTRAK | J51: BM | K51: S1 | L51: IC | M51: IC1 | N51: =VLOOKUP(O51,'TJ. FUNGSIONAL'!$B$4:$C$34,2,0) -> Staf Admin SD | O51: ADD
A52: 48 | B52: SLP048 | C52: ALVINA CLAURIESA NABILA | D52: 222.0186 | E52: SDIT | F52: Muara Sakai, 14 Oktober 1994 | G52: 4 April2022 | H52: 0 | I52: KONTRAK | J52: BM | K52: D3 | L52: IB | M52: IB1 | N52: =VLOOKUP(O52,'TJ. FUNGSIONAL'!$B$4:$C$34,2,0) -> Staf Admin SD | O52: ADD
A53: 49 | B53: SLP049 | C53: YUSUF ARIFIN | D53: 222.0187 | E53: SMPIT | F53: Tanjung Jabung, 24 April 1988 | G53: 26 April 2022 | H53: 0 | I53: KONTRAK | J53: M3 | K53: SMP | L53: 1A | M53: 1A1 | N53: =VLOOKUP(O53,'TJ. FUNGSIONAL'!$B$4:$C$34,2,0) -> Petugas Keamanan | O53: PKY
A54: 50 | B54: SLP050 | C54: HENDRA | D54: 222.0188 | E54: SMPIT | F54: Karawang, 16 September 1997 | G54: 26 April 2022 | H54: 0 | I54: KONTRAK | J54: BN | K54: SD | L54: 1 | M54: 1 | N54: =VLOOKUP(O54,'TJ. FUNGSIONAL'!$B$4:$C$34,2,0) -> Petugas Kebersihan | O54: PKP
A55: 51 | B55: SLP051 | C55: AFIFAH USWATUN NISA | D55: 222.0189 | E55: TKIT | F55: Kebumen, 12 April 1994 | G55: 11 Mei 2022 | H55: 0 | I55: KONTRAK | J55: M1 | K55: D3 | L55: 1C | M55: IC1 | N55: =VLOOKUP(O55,'TJ. FUNGSIONAL'!$B$4:$C$34,2,0) -> Guru Kelas RA | O55: GKR
A56: 52 | B56: SLP052 | C56: AHMAD FAJAR AL FARUQ | D56: 222.0190 | E56: SMPIT | F56: Batam, 27 Oktober 2002 | G56: 11 Mei 2022 | H56: 0 | I56: KONTRAK | J56: BM | K56: SMA | L56: 1A | M56: 1A1 | N56: =VLOOKUP(O56,'TJ. FUNGSIONAL'!$B$4:$C$34,2,0) -> Guru Quran SMP | O56: GQP
A57: 53 | B57: SLP053 | C57: JUMANINTANG BT SARAMANG | D57: 222.0191 | E57: SMPIT | F57: Batu besar, 31 Desember 1979 | G57: 8 Juni 2022 | H57: 0 | I57: KONTRAK | J57: M3 | K57: SD | L57: 1A | N57: =VLOOKUP(O57,'TJ. FUNGSIONAL'!$B$4:$C$34,2,0) -> Petugas Dapur | O57: PDY
A58: 54 | B58: SLP054 | C58: NOVIA SAPITRI | D58: 222.0192 | E58: SDIT | F58: Batam, 06 Oktober 2003 | G58: 28 Juni 2022 | H58: 0 | I58: KONTRAK | J58: BM | K58: SMA | L58: 1A | M58: IA1 | N58: =VLOOKUP(O58,'TJ. FUNGSIONAL'!$B$4:$C$34,2,0) -> Guru Quran SD | O58: GQD
A59: 55 | B59: SLP055 | C59: KHOIRUNNISA | D59: 222.0193 | E59: SDIT | F59: Musi Banyuasin, 2 Februari 2000 | G59: 28 Juni 2022 | H59: 0 | I59: KONTRAK | J59: BM | K59: SMA | L59: 1A | M59: IA1 | N59: =VLOOKUP(O59,'TJ. FUNGSIONAL'!$B$4:$C$34,2,0) -> Guru Kelas SD | O59: GKD
A60: 56 | B60: SLP056 | C60: INDAH SRIAYU | D60: 222.0194 | E60: TKIT | F60: Batam, 30 September 2001 | G60: 30 Juni 2022 | H60: 0 | I60: KONTRAK | J60: BM | K60: SMA | L60: 1A | M60: IA1 | N60: =VLOOKUP(O60,'TJ. FUNGSIONAL'!$B$4:$C$34,2,0) -> Guru Kelas RA | O60: GKR
A61: 57 | B61: SLP057 | C61: JUWARIYAH | D61: 222.0195 | E61: TKIT | F61: Surabaya, 01 Januari 1970 | G61: 1 Juli 2022 | H61: 0 | I61: KONTRAK | J61: BM2 | K61: SMA | L61: 1A | M61: IA1 | N61: =VLOOKUP(O61,'TJ. FUNGSIONAL'!$B$4:$C$34,2,0) -> Karywn Penitipan | O61: KYP
A62: 58 | B62: SLP058 | C62: NINI PARAMIDA | D62: 222.0196 | E62: SDIT | F62: Lukun, 02 Oktober 1995 | G62: 1 Juli 2022 | H62: 0 | I62: KONTRAK | J62: BM | K62: S1 | L62: 1C | M62: IC1 | N62: =VLOOKUP(O62,'TJ. FUNGSIONAL'!$B$4:$C$34,2,0) -> Guru Kelas SD | O62: GKD
A63: 59 | B63: SLP059 | C63: SYUKRIA | D63: 222.0198 | E63: SDIT | F63: Malalo, 18 Januari 1988 | G63: 1 Juli 2022 | H63: 0 | I63: KONTRAK | J63: M2 | K63: S1 | L63: 1C | M63: IC1 | N63: =VLOOKUP(O63,'TJ. FUNGSIONAL'!$B$4:$C$34,2,0) -> Guru Kelas SD | O63: GKD
A64: 60 | B64: SLP060 | C64: TIKA MAISYAROH | D64: 222.0197 | E64: TKIT | F64: Jepara, 5 Mei 1999 | G64: 8 Juli 2022 | H64: 0 | I64: KONTRAK | J64: BM | K64: S1 | L64: 1C | M64: IC1 | N64: =VLOOKUP(O64,'TJ. FUNGSIONAL'!$B$4:$C$34,2,0) -> Guru Kelas RA | O64: GKR
A65: 61 | B65: SLP061 | C65: REZKA HAFIZAH | D65: 222.0199 | E65: SMPIT | F65: Batam, 14 April 2003 | G65: 8 Juli 2022 | H65: 0 | I65: KONTRAK | J65: BM | K65: SMA | L65: 1A | M65: IA1 | N65: =VLOOKUP(O65,'TJ. FUNGSIONAL'!$B$4:$C$34,2,0) -> Guru Quran SMP | O65: GQP
A66: 62 | B66: SLP062 | C66: NUR RAFISSAH | D66: 222.0200 | E66: SDIT | F66: Batam, 10 Juni 1999 | G66: 27 Juli 2022 | H66: 0 | I66: KONTRAK | J66: BM | K66: SMA | L66: 1A | M66: 1A1 | N66: =VLOOKUP(O66,'TJ. FUNGSIONAL'!$B$4:$C$34,2,0) -> Guru Quran SD | O66: GQD
A67: 63 | B67: SLP063 | C67: SITI NURHAINI MANURUNG | D67: 222.0201 | E67: SMPIT | F67: Padang Halaban, 23 Januari 1993 | G67: 18 Agustus 2022 | H67: 0 | I67: KONTRAK | J67: M0 | K67: S1 | L67: 1C | M67: IC1 | N67: =VLOOKUP(O67,'TJ. FUNGSIONAL'!$B$4:$C$34,2,0) -> Guru Mapel SMP | O67: GMP
A68: 64 | B68: SLP064 | C68: YUQDHA AULIA AL GHAZANI | D68: 222.0202 | E68: SMPIT | F68: Seo, 30 Agustus 2001 | G68: 22 Agustus 2022 | H68: 0 | I68: KONTRAK | J68: BM | K68: SMA | L68: 1A | M68: IA1 | N68: =VLOOKUP(O68,'TJ. FUNGSIONAL'!$B$4:$C$34,2,0) -> Guru Quran SD | O68: GQD
A69: 65 | B69: SLP065 | C69: LEDI ALDE NOPA | D69: 222.0203 | E69: SMPIT | F69: Tanah Bekali, 13 September 1996 | G69: 22 Agustus 2022 | H69: 0 | I69: KONTRAK | J69: BM | K69: SMA | L69: 1A | M69: IA1 | N69: =VLOOKUP(O69,'TJ. FUNGSIONAL'!$B$4:$C$34,2,0) -> Staf Admin SMP | O69: ADP
... A71: 67 | B71: SLP067 | C71: KONIA APRYA NINGSIH | D71: 222.0205 | E71: SMPIT | F71: Selat panjang, 13 April 2001 | G71: 5 September 2022 | H71: 0 | I71: KONTRAK | J71: BM | K71: SMA | L71: 1A | M71: IA1 | N71: =VLOOKUP(O71,'TJ. FUNGSIONAL'!$B$4:$C$34,2,0) -> Guru Quran SMP | O71: GQP
A72: 68 | B72: SLP068 | C72: Andy Rezky Wahyuni | D72: 222.0206 | E72: RA | F72: Bulukumba, 15 September 2000 | G72: 22 September 2022 | H72: 0 | I72: KONTRAK | J72: BM | K72: SMA | L72: 1A | M72: IA1 | N72: Guru Kelas RA | O72: GKR
A73: 69 | B73: SLP069 | C73: Miko Ardiansyah | D73: 222.0207 | E73: SMPIT | F73: Batam, 12 September 2002 | G73: 24 September 2022 | H73: 0 | I73: KONTRAK | J73: BM | K73: SMA | L73: 1A | M73: IA1 | N73: Guru Quran SMP | O73: GQP
A74: 70 | B74: SLP070 | C74: Herlinayati, S.Pd.I | D74: 222.0208 | E74: SDIT | F74: Plaju, 20 Agustus 1972 | G74: 26 September 2022 | H74: 0 | I74: KONTRAK | J74: M0 | K74: S1 | L74: 1C | M74: IC1 | N74: Guru Kelas SD | O74: GKD
A75: 71 | B75: SLP071 | C75: Muhammad Adib Alhan | D75: 222.0209 | E75: SDIT | F75: Tanjung balai karimun, 30 Maret 2001 | G75: 22 Oktober 2022 | H75: 0 | I75: KONTRAK | J75: BM | K75: SMA | L75: 1A | M75: IA1 | N75: Guru Quran SD | O75: GQD
A76: 72 | B76: SLP072 | C76: Zafiruddin | D76: 222.0210 | E76: SDIT | F76: Semedang, 14 April 1990 | G76: 14 November 2022 | H76: 0 | I76: KONTRAK | J76: M1 | K76: SMA | L76: 1A | M76: IA1 | N76: Satpam | O76: PKY
A77: 73 | B77: SLP073 | C77: Ayyash | D77: 222.0211 | E77: SMPIT | F77: Batam | J77: BM | K77: SMA | L77: 1A | M77: 1A1 | N77: Guru Quran SMP | O77: GQP
A78: 74 | B78: SLP074 | C78: Sulastri | D78: 222.0212 | E78: SDIT | F78: Tanjung Sari, 06 Juli 2000 | G78: 24 Desember 2022 | H78: 0 | I78: KONTRAK | J78: BM | K78: S1 | L78: 1C | M78: 1A1 | N78: Guru Kelas SD | O78: GKD
A79: 75 | B79: SLP075 | C79: Aprilia Budi Safitri | D79: 223.0213 | E79: SMPIT | F79: Kendal, 10 April 1993 | G79: 4 Januari 2023 | H79: 0 | I79: KONTRAK | J79: M1 | K79: S1 | L79: 1C | M79: 1C1 | N79: Guru Kelas SMP | O79: GMP
A80: 76 | B80: SLP076 | C80: Pikriadi | D80: 223.0214 | E80: SMPIT | F80: Muara Timbuk, 28 Agustus 1974 | G80: 11 Januari 2023 | H80: 0 | I80: KONTRAK | J80: M2 | K80: SMA | L80: 1A | M80: 1A1 | N80: Satpam SMP | O80: PKY
A81: 77 | B81: SLP077 | C81: Sandi Sahrani | D81: 223.0215 | E81: SMPIT | F81: Sungai Upih, 14 Oktober 2002 | G81: 12 Januari 2023 | H81: 0 | I81: KONTRAK | J81: BM | K81: SMA | L81: 1A | M81: 1A1 | N81: Guru Quran SMP | O81: GQP
A82: 78 | B82: SLP078 | C82: Imel Lestari | D82: 223.0216 | E82: SMPIT | F82: Selat Baru, 30 November 2004 | G82: 17 Januari 2023 | H82: 0 | I82: KONTRAK | J82: BM | K82: SMA | L82: 1A | M82: 1A1 | N82: Guru Quran SMP | O82: GQP
A83: 79 | B83: SLP079 | C83: M. Miftachun Nahda Salam | D83: 223.0217 | E83: SMPIT | F83: Pasuruan, 25 Mei 2002 | G83: 18 Januari 2023 | H83: 0 | I83: KONTRAK | J83: BM | K83: SMA | L83: 1A | M83: 1A1 | N83: Guru Quran SMP | O83: GQP
A84: 80 | B84: SLP080 | C84: Gandi Saputra | D84: 223. 0218 | E84: SDIT | F84: Karawang, 19 Agustus 1979 | G84: 1 Februari 2023 | H84: 0 | I84: KONTRAK | J84: M2 | K84: SMA | L84: 1A | M84: 1A1 | N84: SATPAM | O84: PKY
A85: 81 | B85: SLP081 | C85: Annisa Muna Syahidah | D85: 223. 0219 | E85: SMPIT | F85: Tanjung Uban, 31 Juli 2002 | G85: 26 Juni 2023 | H85: 0 | I85: KONTRAK | J85: BM | K85: SMA | L85: 1A | M85: 1A1 | N85: Guru Quran | O85: GQP
A86: 82 | B86: SLP082 | C86: Andi Saputra | D86: 223. 0220 | E86: SMPIT | F86: Parit Berut, 14 Maret 1988 | G86: 1 Juli 2023 | H86: 0 | I86: KONTRAK | J86: M0 | K86: SMA | L86: 1A | M86: 1A1 | N86: Satpam | O86: PKY
A87: 83 | B87: SLP083 | C87: Ririn Anggrainy | D87: 223. 0221 | E87: SDIT | F87: Tanjung Kedabu, 29 Januari 1999 | G87: 3 Juli 2023 | H87: 0 | I87: KONTRAK | J87: M0 | K87: SMA | L87: 1A | M87: 1A1 | N87: Guru Kelas SD | O87: GKD
A88: 84 | B88: SLP084 | C88: Nurul Izzatul Islam | D88: 223. 0222 | E88: SDIT | F88: Batam, 04 Februari 2001 | G88: 12 Juli 2023 | H88: 0 | I88: KONTRAK | J88: BM | K88: DII | L88: 1B | M88: 1B1 | N88: Guru Kelas SD | O88: GKD
A89: 85 | B89: SLP085 | C89: Sodikin | D89: 223. 0223 | E89: SDIT | F89: Surabaya, 14 September 1972 | G89: 17 Juli 2023 | H89: 0 | I89: KONTRAK | J89: M | K89: SMA | L89: 1A | M89: 1A1 | N89: Satpam | O89: PKY
A90: 86 | B90: SLP086 | C90: Wardiani | D90: 223.0224 | E90: SMPIT | F90: Paloh Lada, 1 Juli 1978 | G90: 17 Juli 2023 | H90: 0 | I90: KONTRAK | J90: BM | K90: SMA | L90: 1A | M90: 1A1 | N90: Juru masak
A91: 87 | B91: SLP087 | C91: Suhada Ihsan | D91: 223.0225 | E91: SMPIT | F91: Pilar, 14 Maret 1999 | G91: 24 Juli 2023 | H91: 0 | I91: KONTRAK | J91: M | K91: S1 | L91: 1C | M91: 1C10 | N91: Guru Quran SMP | O91: GQP
A92: 88 | B92: SLP088

Sheet Gapok
A4: Lulus | B4: Grade | C4: Gapok | D4: selisih | E4: Tj Hadir | F4: Tj Hdr 1bulan | G4: Gapok 2 | H4: Tj Hadir | I4: Tj Hdr 1bulan
A5: SMA | B5: IA1 | C5: 800000 | D5: 20000 | E5: 15000 | F5: 375000 | G5: 800000 | H5: 15000 | I5: 375000
B6: IA2 | C6: 820000 | D6: 20000 | E6: 15000 | F6: 375000 | G6: =G5+25000 -> 825000 | H6: 15000 | I6: 375000
B7: IA3 | C7: 840000 | D7: 20000 | E7: 15000 | F7: 375000 | G7: =G6+25000 -> 850000 | H7: 15000 | I7: 375000
B8: IA4 | C8: 860000 | D8: 20000 | E8: 15000 | F8: 375000 | G8: =G7+25000 -> 875000 | H8: 15000 | I8: 375000
B9: IA5 | C9: 880000 | D9: 20000 | E9: 15000 | F9: 375000 | G9: =G8+25000 -> 900000 | H9: 15000 | I9: 375000
B10: IA6 | C10: 900000 | D10: 20000 | E10: 15000 | F10: 375000 | G10: =G9+25000 -> 925000 | H10: 15000 | I10: 375000
B11: IA7 | C11: 920000 | D11: 20000 | E11: 15000 | F11: 375000 | G11: =G10+25000 -> 950000 | H11: 15000 | I11: 375000
B12: IA8 | C12: 940000 | D12: 20000 | E12: 15000 | F12: 375000 | G12: =G11+25000 -> 975000 | H12: 15000 | I12: 375000
B13: IA9 | C13: 960000 | D13: 20000 | E13: 15000 | F13: 375000 | G13: =G12+25000 -> 1000000 | H13: 15000 | I13: 375000
B14: IA10 | C14: 980000 | D14: 20000 | E14: 15000 | F14: 375000 | G14: =G13+25000 -> 1025000 | H14: 15000 | I14: =H14*25 -> 375000
B15: IB1 | C15: 930000 | D15: 10000 | E15: 15000 | F15: 375000 | G15: =G14+50000 -> 1075000 | H15: 16000 | I15: =H15*25 -> 400000
B16: IB2 | C16: 950000 | D16: 20000 | E16: 15000 | F16: 375000 | G16: =G15+25000 -> 1100000 | H16: 16000 | I16: =H16*25 -> 400000
B17: IB3 | C17: 970000 | D17: 20000 | E17: 15000 | F17: 375000 | G17: =G16+25000 -> 1125000 | H17: 16000 | I17: =H17*25 -> 400000
B18: IB4 | C18: 990000 | D18: 20000 | E18: 15000 | F18: 375000 | G18: =G17+25000 -> 1150000 | H18: 16000 | I18: =H18*25 -> 400000
B19: IB5 | C19: 1010000 | D19: 20000 | E19: 15000 | F19: 375000 | G19: =G18+25000 -> 1175000 | H19: 16000 | I19: =H19*25 -> 400000
B20: IB6 | C20: 1030000 | D20: 20000 | E20: 15000 | F20: 375000 | G20: =G19+25000 -> 1200000 | H20: 16000 | I20: =H20*25 -> 400000
B21: IB7 | C21: 1050000 | D21: 20000 | E21: 15000 | F21: 375000 | G21: =G20+25000 -> 1225000 | H21: 16000 | I21: =H21*25 -> 400000
B22: IB8 | C22: 1070000 | D22: 20000 | E22: 15000 | F22: 375000 | G22: =G21+25000 -> 1250000 | H22: 16000 | I22: =H22*25 -> 400000
B23: IB9 | C23: 1090000 | D23: 20000 | E23: 15000 | F23: 375000 | G23: =G22+25000 -> 1275000 | H23: 16000 | I23: =H23*25 -> 400000
B24: IB10 | C24: 1110000 | D24: 20000 | E24: 15000 | F24: 375000 | G24: =G23+25000 -> 1300000 | H24: 16000 | I24: =H24*25 -> 400000
A25: SMA+S1 | B25: IC1 | C25: 1020000 | D25: -30000 | E25: 15000 | F25: 375000 | G25: =G24+50000 -> 1350000 | H25: 17000 | I25: =H25*25 -> 425000
B26: IC2 | C26: 1040000 | D26: 20000 | E26: 15000 | F26: 375000 | G26: =G25+25000 -> 1375000 | H26: 17000 | I26: =H26*25 -> 425000
B27: IC3 | C27: 1060000 | D27: 20000 | E27: 15000 | F27: 375000 | G27: =G26+25000 -> 1400000 | H27: 17000 | I27: =H27*25 -> 425000
B28: IC4 | C28: 1080000 | D28: 20000 | E28: 15000 | F28: 375000 | G28: =G27+25000 -> 1425000 | H28: 17000 | I28: =H28*25 -> 425000
B29: IC5 | C29: 1100000 | D29: 20000 | E29: 15000 | F29: 375000 | G29: =G28+25000 -> 1450000 | H29: 17000 | I29: =H29*25 -> 425000
B30: IC6 | C30: 1120000 | D30: 20000 | E30: 15000 | F30: 375000 | G30: =G29+25000 -> 1475000 | H30: 17000 | I30: =H30*25 -> 425000
B31: IC7 | C31: 1140000 | D31: 20000 | E31: 15000 | F31: 375000 | G31: =G30+25000 -> 1500000 | H31: 17000 | I31: =H31*25 -> 425000
B32: IC8 | C32: 1160000 | D32: 20000 | E32: 15000 | F32: 375000 | G32: =G31+25000 -> 1525000 | H32: 17000 | I32: =H32*25 -> 425000
B33: IC9 | C33: 1180000 | D33: 20000 | E33: 15000 | F33: 375000 | G33: =G32+25000 -> 1550000 | H33: 17000 | I33: =H33*25 -> 425000
B34: IC10 | C34: 1200000 | D34: 20000 | E34: 15000 | F34: 375000 | G34: =G33+25000 -> 1575000 | H34: 17000 | I34: =H34*25 -> 425000
A35: S1 + S2 | B35: IIA1 | C35: 1190000 | D35: 50000 | E35: 17500 | F35: 437500 | G35: =G34+75000 -> 1650000 | H35: 18000 | I35: =H35*25 -> 450000
B36: IIA2 | C36: 1215000 | D36: 25000 | E36: 17500 | F36: 437500 | G36: =G35+25000 -> 1675000 | H36: 18000 | I36: =H36*25 -> 450000
B37: IIA3 | C37: 1240000 | D37: 25000 | E37: 17500 | F37: 437500 | G37: =G36+25000 -> 1700000 | H37: 18000 | I37: =H37*25 -> 450000
B38: IIA4 | C38: 1265000 | D38: 25000 | E38: 17500 | F38: 437500 | G38: =G37+25000 -> 1725000 | H38: 18000 | I38: =H38*25 -> 450000
B39: IIA5 | C39: 1290000 | D39: 25000 | E39: 17500 | F39: 437500 | G39: =G38+25000 -> 1750000 | H39: 18000 | I39: =H39*25 -> 450000
B40: IIA6 | C40: 1315000 | D40: 25000 | E40: 17500 | F40: 437500 | G40: =G39+25000 -> 1775000 | H40: 18000 | I40: =H40*25 -> 450000
B41: IIA7 | C41: 1340000 | D41: 25000 | E41: 17500 | F41: 437500 | G41: =G40+25000 -> 1800000 | H41: 18000 | I41: =H41*25 -> 450000
B42: IIA8 | C42: 1365000 | D42: 25000 | E42: 17500 | F42: 437500 | G42: =G41+25000 -> 1825000 | H42: 18000 | I42: =H42*25 -> 450000
B43: IIA9 | C43: 1390000 | D43: 25000 | E43: 17500 | F43: 437500 | G43: =G42+25000 -> 1850000 | H43: 18000 | I43: =H43*25 -> 450000
B44: IIA10 | C44: 1415000 | D44: 25000 | E44: 17500 | F44: 437500 | G44: =G43+25000 -> 1875000 | H44: 18000 | I44: =H44*25 -> 450000
B45: IIB1 | C45: 1380000 | D45: 40000 | E45: 17500 | F45: 437500 | G45: =G44+50000 -> 1925000 | H45: 19000 | I45: =H45*25 -> 475000
B46: IIB2 | C46: 1405000 | D46: 25000 | E46: 17500 | F46: 437500 | G46: =G45+25000 -> 1950000 | H46: 19000 | I46: =H46*25 -> 475000
B47: IIB3 | C47: 1430000 | D47: 25000 | E47: 17500 | F47: 437500 | G47: =G46+25000 -> 1975000 | H47: 19000 | I47: =H47*25 -> 475000
B48: IIB4 | C48: 1455000 | D48: 25000 | E48: 17500 | F48: 437500 | G48: =G47+25000 -> 2000000 | H48: 19000 | I48: =H48*25 -> 475000
B49: IIB5 | C49: 1480000 | D49: 25000 | E49: 17500 | F49: 437500 | G49: =G48+25000 -> 2025000 | H49: 19000 | I49: =H49*25 -> 475000
B50: IIB6 | C50: 1505000 | D50: 25000 | E50: 17500 | F50: 437500 | G50: =G49+25000 -> 2050000 | H50: 19000 | I50: =H50*25 -> 475000
B51: IIB7 | C51: 1530000 | D51: 25000 | E51: 17500 | F51: 437500 | G51: =G50+25000 -> 2075000 | H51: 19000 | I51: =H51*25 -> 475000
B52: IIB8 | C52: 1555000 | D52: 25000 | E52: 17500 | F52: 437500 | G52: =G51+25000 -> 2100000 | H52: 19000 | I52: =H52*25 -> 475000
B53: IIB9 | C53: 1580000 | D53: 25000 | E53: 17500 | F53: 437500 | G53: =G52+25000 -> 2125000 | H53: 19000 | I53: =H53*25 -> 475000
B54: IIB10 | C54: 1605000 | D54: 25000 | E54: 17500 | F54: 437500 | G54: =G53+25000 -> 2150000 | H54: 19000 | I54: =H54*25 -> 475000
B55: IIC1 | C55: 1570000 | D55: 40000 | E55: 17500 | F55: 437500 | G55: =G54+50000 -> 2200000 | H55: 20000 | I55: =H55*25 -> 500000
B56: IIC2 | C56: 1595000 | D56: 25000 | E56: 17500 | F56: 437500 | G56: =G55+25000 -> 2225000 | H56: 20000 | I56: =H56*25 -> 500000
B57: IIC3 | C57: 1620000 | D57: 25000 | E57: 17500 | F57: 437500 | G57: =G56+25000 -> 2250000 | H57: 20000 | I57: =H57*25 -> 500000
B58: IIC4 | C58: 1645000 | D58: 25000 | E58: 17500 | F58: 437500 | G58: =G57+25000 -> 2275000 | H58: 20000 | I58: =H58*25 -> 500000
B59: IIC5 | C59: 1670000 | D59: 25000 | E59: 17500 | F59: 437500 | G59: =G58+25000 -> 2300000 | H59: 20000 | I59: =H59*25 -> 500000
B60: IIC6 | C60: 1695000 | D60: 25000 | E60: 17500 | F60: 437500 | G60: =G59+25000 -> 2325000 | H60: 20000 | I60: =H60*25 -> 500000
B61: IIC7 | C61: 1720000 | D61: 25000 | E61: 17500 | F61: 437500 | G61: =G60+25000 -> 2350000 | H61: 20000 | I61: =H61*25 -> 500000
B62: IIC8 | C62: 1745000 | D62: 25000 | E62: 17500 | F62: 437500 | G62: =G61+25000 -> 2375000 | H62: 20000 | I62: =H62*25 -> 500000
B63: IIC9 | C63: 1770000 | D63: 25000 | E63: 17500 | F63: 437500 | G63: =G62+25000 -> 2400000 | H63: 20000 | I63: =H63*25 -> 500000
B64: IIC10 | C64: 1795000 | D64: 25000 | E64: 17500 | F64: 437500 | G64: =G63+25000 -> 2425000 | H64: 20000 | I64: =H64*25 -> 500000
B65: IIIA1 | C65: 1780000 | D65: 60000 | E65: 20000 | F65: 500000 | G65: =G64+75000 -> 2500000 | H65: 21000 | I65: =H65*25 -> 525000
B66: IIIA2 | C66: 1810000 | D66: 30000 | E66: 20000 | F66: 500000 | G66: =G65+25000 -> 2525000 | H66: 21000 | I66: =H66*25 -> 525000
B67: IIIA3 | C67: 1840000 | D67: 30000 | E67: 20000 | F67: 500000 | G67: =G66+25000 -> 2550000 | H67: 21000 | I67: =H67*25 -> 525000
B68: IIIA4 | C68: 1870000 | D68: 30000 | E68: 20000 | F68: 500000 | G68: =G67+25000 -> 2575000 | H68: 21000 | I68: =H68*25 -> 525000
B69: IIIA5 | C69: 1900000 | D69: 30000 | E69: 20000 | F69: 500000 | G69: =G68+25000 -> 2600000 | H69: 21000 | I69: =H69*25 -> 525000
B70: IIIA6 | C70: 1930000 | D70: 30000 | E70: 20000 | F70: 500000 | G70: =G69+25000 -> 2625000 | H70: 21000 | I70: =H70*25 -> 525000
B71: IIIA7 | C71: 1960000 | D71: 30000 | E71: 20000 | F71: 500000 | G71: =G70+25000 -> 2650000 | H71: 21000 | I71: =H71*25 -> 525000
B72: IIIA8 | C72: 1990000 | D72: 30000 | E72: 20000 | F72: 500000 | G72: =G71+25000 -> 2675000 | H72: 21000 | I72: =H72*25 -> 525000
B73: IIIA9 | C73: 2020000 | D73: 30000 | E73: 20000 | F73: 500000 | G73: =G72+25000 -> 2700000 | H73: 21000 | I73: =H73*25 -> 525000
B74: IIIA10 | C74: 2050000 | D74: 30000 | E74: 20000 | F74: 500000 | G74: =G73+25000 -> 2725000 | H74: 21000 | I74: =H74*25 -> 525000
B75: IIIB1 | C75: 2010000 | D75: 50000 | E75: 20000 | F75: 500000 | G75: =G74+50000 -> 2775000 | H75: 22000 | I75: =H75*25 -> 550000
B76: IIIB2 | C76: 2040000 | D76: 30000 | E76: 20000 | F76: 500000 | G76: =G75+25000 -> 2800000 | H76: 22000 | I76: =H76*25 -> 550000
B77: IIIB3 | C77: 2070000 | D77: 30000 | E77: 20000 | F77: 500000 | G77: =G76+25000 -> 2825000 | H77: 22000 | I77: =H77*25 -> 550000
B78: IIIB4 | C78: 2100000 | D78: 30000 | E78: 20000 | F78: 500000 | G78: =G77+25000 -> 2850000 | H78: 22000 | I78: =H78*25 -> 550000
B79: IIIB5 | C79: 2130000 | D79: 30000 | E79: 20000 | F79: 500000 | G79: =G78+25000 -> 2875000 | H79: 22000 | I79: =H79*25 -> 550000
B80: IIIB6 | C80: 2160000 | D80: 30000 | E80: 20000 | F80: 500000 | G80: =G79+25000 -> 2900000 | H80: 22000 | I80: =H80*25 -> 550000
B81: IIIB7 | C81: 2190000 | D81: 30000 | E81: 20000 | F81: 500000 | G81: =G80+25000 -> 2925000 | H81: 22000 | I81: =H81*25 -> 550000
B82: IIIB8 | C82: 2220000 | D82: 30000 | E82: 20000 | F82: 500000 | G82: =G81+25000 -> 2950000 | H82: 22000 | I82: =H82*25 -> 550000
B83: IIIB9 | C83: 2250000 | D83: 30000 | E83: 20000 | F83: 500000 | G83: =G82+25000 -> 2975000 | H83: 22000 | I83: =H83*25 -> 550000
B84: IIIB10 | C84: 2280000 | D84: 30000 | E84: 20000 | F84: 500000 | G84: =G83+25000 -> 3000000 | H84: 22000 | I84: =H84*25 -> 550000
B85: IIIC1 | C85: 2240000 | D85: 50000 | E85: 20000 | F85: 500000 | G85: =G84+50000 -> 3050000 | H85: 23000 | I85: =H85*25 -> 575000
B86: IIIC2 | C86: 2270000 | D86: 30000 | E86: 20000 | F86: 500000 | G86: =G85+25000 -> 3075000 | H86: 23000 | I86: =H86*25 -> 575000
B87: IIIC3 | C87: 2300000 | D87: 30000 | E87: 20000 | F87: 500000 | G87: =G86+25000 -> 3100000 | H87: 23000 | I87: =H87*25 -> 575000
B88: IIIC4 | C88: 2330000 | D88: 30000 | E88: 20000 | F88: 500000 | G88: =G87+25000 -> 3125000 | H88: 23000 | I88: =H88*25 -> 575000
B89: IIIC5 | C89: 2360000 | D89: 30000 | E89: 20000 | F89: 500000 | G89: =G88+25000 -> 3150000 | H89: 23000 | I89: =H89*25 -> 575000
B90: IIIC6 | C90: 2390000 | D90: 30000 | E90: 20000 | F90: 500000 | G90: =G89+25000 -> 3175000 | H90: 23000 | I90: =H90*25 -> 575000
B91: IIIC7 | C91: 2420000 | D91: 30000 | E91: 20000 | F91: 500000 | G91: =G90+25000 -> 3200000 | H91: 23000 | I91: =H91*25 -> 575000
B92: IIIC8 | C92: 2450000 | D92: 30000 | E92: 20000 | F92: 500000 | G92: =G91+25000 -> 3225000 | H92: 23000 | I92: =H92*25 -> 575000
B93: IIIC9 | C93: 2480000 | D93: 30000 | E93: 20000 | F93: 500000 | G93: =G92+25000 -> 3250000 | H93: 23000 | I93: =H93*25 -> 575000
B94: IIIC10 | C94: 2510000 | D94: 30000 | E94: 20000 | F94: 500000 | G94: =G93+25000 -> 3275000 | H94: 23000 | I94: =H94*25 -> 575000

Sheet SLIP GAJI
A2: YAYASAN BINA INSAN MULIA BATAM - SLIP GAJI KARYAWAN | N2: SLIP | O2: SLP005
A3: SEKOLAH ISLAM TERPADU MUTIARA INSANI BATAM
A5: NAMA | B5: : | C5: =VLOOKUP($O$2,#REF!,2,0) -> #REF! | H5: BULAN | I5: : | J5: =VLOOKUP($O$2,#REF!,6,0) -> #REF!
A6: NRK | B6: : | C6: =VLOOKUP($O$2,#REF!,3,0) -> #REF! | H6: JML HARI KERJA | I6: : | J6: =VLOOKUP($O$2,#REF!,16,0) -> #REF! | K6: hari
A7: UNIT | B7: : | C7: =VLOOKUP($O$2,#REF!,4,0) -> #REF! | H7: TEPAT WAKTU | I7: : | J7: =VLOOKUP($O$2,#REF!,17,0) -> #REF! | K7: hari
A8: JABATAN | B8: : | C8: =VLOOKUP($O$2,#REF!,14,0) -> #REF! | H8: TERLAMBAT | I8: : | J8: =VLOOKUP($O$2,#REF!,18,0) -> #REF! | K8: hari
A9: TMT | B9: : | C9: =VLOOKUP($O$2,#REF!,7,0) -> #REF! | H9: SAKIT | I9: : | J9: =VLOOKUP($O$2,#REF!,19,0) -> #REF! | K9: hari
A10: DCR RA | B10: : | H10: IZIN | I10: : | J10: =VLOOKUP($O$2,#REF!,20,0) -> #REF! | K10: hari
A11: DCR SD | B11: : | H11: TANPA KET. | I11: : | J11: =VLOOKUP($O$2,#REF!,21,0) -> #REF! | K11: hari
H13: POTONGAN-POTONGAN
A14: GJ. POKOK | D14: : | E14: =VLOOKUP($O$2,#REF!,36,0) -> #REF! | H14: POT. ABSEN | I14: : | J14: =VLOOKUP($O$2,#REF!,54,0) -> #REF!
A15: TJ. FUNGSIONAL | D15: : | E15: =VLOOKUP($O$2,#REF!,37,0) -> #REF! | H15: POT. TELAT | I15: : | J15: =VLOOKUP($O$2,#REF!,55,0) -> #REF!
A16: TJ. KEHADIRAN | D16: : | E16: =VLOOKUP($O$2,#REF!,38,0) -> #REF! | H16: POT. DAYCARE | I16: : | J16: =VLOOKUP($O$2,#REF!,56,0) -> #REF!
A17: TJ. RUMAH | D17: : | E17: =VLOOKUP($O$2,#REF!,39,0) -> #REF! | H17: POT. BPJS | I17: : | J17: =VLOOKUP($O$2,#REF!,57,0) -> #REF!
A18: TJ. MASA KERJA | D18: : | E18: =VLOOKUP($O$2,#REF!,40,0) -> #REF! | H18: POT. PINJAMAN | I18: : | J18: =VLOOKUP($O$2,#REF!,58,0) -> #REF!
A19: TJ . BPJS KESEHATAN | D19: : | E19: =VLOOKUP($O$2,#REF!,41,0) -> #REF! | H19: POT. KADO | J19: =VLOOKUP($O$2,#REF!,59,0) -> #REF!
A20: SUBSIDI DAYCARE | D20: : | E20: =VLOOKUP($O$2,#REF!,41,0) -> #REF!
A21: TJ. TAMBAHAN | D21: : | E21: =VLOOKUP($O$2,#REF!,47,0) -> #REF! | H21: TTL. POTONGAN | I21: : | J21: =VLOOKUP($O$2,#REF!,65,0) -> #REF!
A22: KET TJ TAMBAHAN | D22: : | E22: =VLOOKUP($O$2,#REF!,48,0) -> #REF! | H22: KOREKSI | I22: : | J22: =VLOOKUP($O$2,#REF!,66,0) -> #REF!
A25: GAJI UTAMA | D25: : | E25: =VLOOKUP($O$2,#REF!,53,0) -> #REF! | H25: GAJI BERSIH | I25: : | J25: =VLOOKUP($O$2,#REF!,68,0) -> #REF!
A29: RIWAYAT PINJAMAN | D29: :
A30: TANGGAL | D30: : | E30: =VLOOKUP($O$2,#REF!,71,0) -> #REF!
A31: BESAR PINJAMAN | D31: : | E31: =VLOOKUP($O$2,#REF!,72,0) -> #REF!
A32: LAMA ANGSURAN | D32: : | E32: =VLOOKUP($O$2,#REF!,73,0) -> #REF!
A33: BESAR ANGSURAN | D33: : | E33: =VLOOKUP($O$2,#REF!,74,0) -> #REF!
A34: BLN TRAKHIR ANGSURAN | D34: : | E34: =VLOOKUP($O$2,#REF!,75,0) -> #REF!
A35: SISA PINJAMAN | D35: : | E35: =VLOOKUP($O$2,#REF!,76,0) -> #REF!
A38: Keterangan Pot Kado | D38: : | E38: 0
A40: Keterangan Koreksi | D40: : | E40: 0
A51: JUMLAH HARI | B51: JML HARI KERJA | D51: 19
B52: MASUK | D52: =D53+D54 -> 19
B53: TEPAT WAKTU | D53: 19
B54: TELAT | D54: 0
B55: ABSEN | D55: 0
B56: TGS. HR. KERJA | D56: 0
B57: TGS. HR. LIBUR | D57: 3
B58: DAYCARE BAYI | D58: 0
B59: DAYCARE PAUD | D59: 0

Sheet TJ. FUNGSIONAL
A1: Besar Tunjangan Fungsional
D2: GURU BARU | F2: GURU LAMA
A3: Unit | B3: Kode | C3: Jb. Fungsional | D3: Tj. Fungsional | E3: TJ.R | F3: Tj Fungsional 2
A4: RA | B4: KYP | C4: Karywn Penitipan | D4: 400000 | E4: 300000 | F4: 400000 | G4: =F4-D4 -> 0
B5: PKR | C5: Petugas Kebersihan | D5: 400000 | E5: 300000 | F5: 400000 | G5: =F5-D5 -> 0
B6: ADR | C6: Staf Admin RA | D6: 400000 | E6: 300000 | F6: 400000 | G6: =F6-D6 -> 0
B7: GKR | C7: Guru Kelas RA | D7: 500000 | E7: 300000 | F7: 500000 | G7: =F7-D7 -> 0
B8: WKR | C8: Wali Kelas RA | D8: 600000 | E8: 300000 | F8: 700000 | G8: =F8-D8 -> 100000
B9: WAR | C9: Wakil Kepala RA | D9: 900000 | E9: 400000 | F9: 1200000 | G9: =F9-D9 -> 300000
B10: KAR | C10: Kepala RA | D10: 1200000 | E10: 500000 | F10: 1500000 | G10: =F10-D10 -> 300000
A11: SD | B11: PKD | C11: Petugas Kebersihan | D11: 400000 | E11: 300000 | F11: 400000 | G11: =F11-D11 -> 0
B12: GQD | C12: Guru Quran SD | D12: 800000 | E12: 300000 | F12: 900000 | G12: =F12-D12 -> 100000
B13: GKD | C13: Guru Kelas SD | D13: 900000 | E13: 300000 | F13: 900000 | G13: =F13-D13 -> 0
B14: WKD | C14: Wali Kelas SD | D14: 1200000 | E14: 300000 | F14: 1200000 | G14: =F14-D14 -> 0
B15: GMD | C15: Guru Mapel SD | D15: 900000 | E15: 300000 | F15: 900000 | G15: =F15-D15 -> 0
B16: ADD | C16: Staf Admin SD | D16: 600000 | E16: 300000 | F16: 600000 | G16: =F16-D16 -> 0
B17: WAD | C17: Wakil Kepala SD | D17: 1700000 | E17: 500000 | F17: 1700000 | G17: =F17-D17 -> 0
B18: WADD | C18: Wakil Kepala SD | D18: 1500000 | E18: 400000 | F18: 1500000 | G18: =F18-D18 -> 0
B19: KAD | C19: Kepala SD | D19: 2200000 | E19: 750000 | F19: 2200000 | G19: =F19-D19 -> 0
A20: SMP | B20: PKP | C20: Petugas Kebersihan | D20: 400000 | E20: 300000 | F20: 400000 | G20: =F20-D20 -> 0
B21: GQP | C21: Guru Quran SMP | D21: 900000 | E21: 300000 | F21: 1000000 | G21: =F21-D21 -> 100000
B22: GQM | C22: Guru Quran SMP dan Musyrif | D22: 1150000 | F22: 1250000 | G22: =F22-D22 -> 100000
B23: WKP | C23: Wali Kelas SMP | D23: 1200000 | E23: 300000 | F23: 1200000 | G23: =F23-D23 -> 0
B24: GMP | C24: Guru Mapel SMP | D24: 900000 | E24: 300000 | F24: 900000 | G24: =F24-D24 -> 0
B25: GMM | C25: GuruMapel SMP dan Musyrif | D25: 1150000 | F25: 1300000 | G25: =F25-D25 -> 150000
B26: ADP | C26: Staf Admin SMP | D26: 600000 | E26: 300000 | F26: 600000 | G26: =F26-D26 -> 0
B27: WAP | C27: Wakil Kepala SMP | D27: 1700000 | E27: 500000 | F27: 2000000 | G27: =F27-D27 -> 300000
B28: KAP | C28: Kepala SMP | D28: 2200000 | E28: 750000 | F28: 2300000 | G28: =F28-D28 -> 100000
A29: YAYASAN | B29: PKY | C29: Petugas Keamanan | D29: 1200000 | E29: 300000 | F29: 1200000 | G29: =F29-D29 -> 0
B30: SAY | C30: Staf Yayasan | D30: 1300000 | E30: 500000 | F30: 1300000 | G30: =F30-D30 -> 0
B31: ADY | C31: Staf Admin Yayasan | D31: 850000 | E31: 300000 | F31: 850000 | G31: =F31-D31 -> 0
B32: PDY | C32: Petugas Dapur | D32: 450000 | E32: 300000 | F32: 450000 | G32: =F32-D32 -> 0
B33: KDP | C33: Kepala Deputi | D33: 2300000 | E33: 750000 | F33: 2500000 | G33: =F33-D33 -> 200000
B34: KDV | C34: Kepala Divisi | D34: 1850000 | E34: 750000 | F34: 2200000 | G34: =F34-D34 -> 350000

Sheet POTONGAN BPJS JHT
A1: No | B1: Nama | C1: Besar angsuran BPJS Ketenagakerjaan
C2: Februari | D2: Maret | E2: April | F2: Mei | G2: Juni | H2: Juli | I2: Agustus | J2: September | K2: Oktober | L2: November | M2: Desember | N2: Desember | O2: Februari | P2: Maret
A3: 1 | B3: Rika | C3: 100000 | D3: 140000 | E3: 140000 | F3: 140000 | G3: 40000 | H3: 40000 | I3: 40000 | J3: 40000 | K3: 40000 | L3: 40000 | M3: 40000 | N3: 40000 | O3: 40000 | P3: 40000
A4: 2 | B4: Cici | C4: 100000 | D4: 140000 | E4: 140000 | F4: 140000 | G4: 40000 | H4: 40000 | I4: 40000 | J4: 40000 | K4: 40000 | L4: 40000 | M4: 40000 | N4: 40000 | O4: 40000 | P4: 40000
A5: 3 | B5: Ade | C5: 100000 | D5: 140000 | E5: 140000 | F5: 140000 | G5: 40000 | H5: 40000 | I5: 40000 | J5: 40000 | K5: 40000 | L5: 40000 | M5: 40000 | N5: 40000 | O5: 40000 | P5: 40000
A6: 4 | B6: Atikah | C6: 100000 | D6: 140000 | E6: 140000 | F6: 140000 | G6: 40000 | H6: 40000 | I6: 40000 | J6: 40000 | K6: 40000 | L6: 40000 | M6: 40000 | N6: 40000 | O6: 40000 | P6: 40000
A7: 5 | B7: Nanik | C7: 100000 | D7: 140000 | E7: 140000 | F7: 140000 | G7: 40000 | H7: 40000 | I7: 40000 | J7: 40000 | K7: 40000 | L7: 40000 | M7: 40000 | N7: 40000 | O7: 40000 | P7: 40000
A8: 6 | B8: Ayep | C8: 100000 | D8: 140000 | E8: 140000 | F8: 140000 | G8: 40000 | H8: 40000 | I8: 40000 | J8: 40000 | K8: 40000 | L8: 40000 | M8: 40000 | N8: 40000 | O8: 40000 | P8: 40000
A9: 7 | B9: Tri | C9: 100000 | D9: 140000 | E9: 140000 | F9: 140000 | G9: 40000 | H9: 40000 | I9: 40000 | J9: 40000 | K9: 40000 | L9: 40000 | M9: 40000 | N9: 40000 | O9: 40000 | P9: 40000
A10: 8 | B10: Aris | C10: 400000 | D10: iuran rutin | E10: iuran rutin | F10: iuran rutin | G10: 40000 | H10: 40000 | I10: 40000 | J10: 40000 | K10: 40000 | L10: 40000 | M10: 40000 | N10: 40000 | O10: 40000 | P10: 40000
A11: 9 | B11: Shinta | C11: 400000 | D11: iuran rutin | E11: iuran rutin | F11: iuran rutin | G11: 40000 | H11: 40000 | I11: 40000 | J11: 40000 | K11: 40000 | L11: 40000 | M11: 40000 | N11: 40000 | O11: 40000 | P11: 40000
A12: 10 | B12: Widi | C12: 400000 | D12: iuran rutin | E12: iuran rutin | F12: iuran rutin | G12: 40000 | H12: 40000 | I12: 40000 | J12: 40000 | K12: 40000 | L12: 40000 | M12: 40000 | N12: 40000 | O12: 40000 | P12: 40000
A13: 11 | B13: Tiwi | C13: 400000 | D13: iuran rutin | E13: iuran rutin | F13: iuran rutin | G13: 40000 | H13: 40000 | I13: 40000 | J13: 40000 | K13: 40000 | L13: 40000 | M13: 40000 | N13: 40000 | O13: 40000 | P13: 40000
A14: 12 | B14: Yuni | C14: 400000 | D14: iuran rutin | E14: iuran rutin | F14: iuran rutin | G14: 40000 | H14: 40000 | I14: 40000 | J14: 40000 | K14: 40000 | L14: 40000 | M14: 40000 | N14: 40000 | O14: 40000 | P14: 40000
A15: 13 | B15: Muna | C15: 400000 | D15: iuran rutin | E15: iuran rutin | F15: iuran rutin | G15: 40000 | H15: 40000 | I15: 40000 | J15: 40000 | K15: 40000 | L15: 40000 | M15: 40000 | N15: 40000 | O15: 40000 | P15: 40000
A16: 14 | B16: Siti | C16: 100000 | D16: 140000 | E16: 140000 | F16: 140000 | G16: 40000 | H16: 40000 | I16: 40000 | J16: 40000 | K16: 40000 | L16: 40000 | M16: 40000 | N16: 40000 | O16: 40000 | P16: 40000
A17: 15 | B17: Lis | C17: 100000 | D17: 140000 | E17: 140000 | F17: 140000 | G17: 40000 | H17: 40000 | I17: 40000 | J17: 40000 | K17: 40000 | L17: 40000 | M17: 40000 | N17: 40000 | O17: 40000 | P17: 40000
A18: 16 | B18: Esti | C18: 100000 | D18: 140000 | E18: 140000 | F18: 140000 | G18: 40000 | H18: 40000 | I18: 40000 | J18: 40000 | K18: 40000 | L18: 40000 | M18: 40000 | N18: 40000 | O18: 40000 | P18: 40000
A19: 17 | B19: Karlina | C19: 100000 | D19: 140000 | E19: 140000 | F19: 140000 | G19: 40000 | H19: 40000 | I19: 40000 | J19: 40000 | K19: 40000 | L19: 40000 | M19: 40000 | N19: 40000 | O19: 40000 | P19: 40000
A20: 18 | B20: Suryana | C20: 100000 | D20: 140000 | E20: 140000 | F20: 140000 | G20: 40000 | H20: 40000 | I20: 40000 | J20: 40000 | K20: 40000 | L20: 40000 | M20: 40000 | N20: 40000 | O20: 40000 | P20: 40000
A21: 19 | B21: Erlina | C21: 240000 | D21: 240000 | E21: 240000 | F21: 40000 | G21: 40000 | H21: 40000 | I21: 40000 | P21: 40000
A22: 20 | B22: Taufik | C22: 240000 | D22: 240000 | E22: 240000 | F22: 40000 | G22: 40000 | H22: 40000 | I22: 40000 | P22: 40000
A23: 23 | B23: Siti Mutofiah | C23: 240000 | D23: 240000 | E23: 40000 | F23: 40000 | G23: 40000 | H23: 40000 | I23: 40000 | P23: 40000
A24: 24 | B24: Iza | C24: 240000 | D24: 240000 | E24: 40000 | F24: 40000 | G24: 40000 | H24: 40000 | I24: 40000 | P24: 40000
A25: 25 | B25: Novi | C25: 100000 | D25: 140000 | E25: 140000 | F25: 140000 | G25: 40000 | H25: 40000 | I25: 40000 | J25: 40000 | K25: 40000 | L25: 40000 | M25: 40000 | N25: 40000 | O25: 40000 | P25: 40000

Sheet PINJAMAN
A1: No | B1: Nama | C1: Besar pinjaman | D1: 2024 | I1: 2025 | U1: 2026 | AG1: total Pinj | AH1: Total | AI1: Sisa | AJ1: Ket
D2: Agustus | E2: September | F2: Okt | G2: November | H2: Desember | I2: Januari 2025 | J2: Februari | K2: Maret | L2: April | M2: Mei | N2: Juni | O2: Juli | P2: Agst | Q2: Sept | R2: Okt | S2: Nov | T2: Desember | U2: Jan | V2: Feb | W2: Maret | X2: April | Y2: Mei | Z2: Juni | AA2: Juli | AB2: Agustus | AC2: Sept | AD2: Okt | AE2: Nov | AF2: Des | AH2: Angsuran
A3: 1 | B3: Syukria | C3: 6650000 | D3: 600000 | E3: 600000 | F3: 0 | H3: 600000 | I3: 600000 | J3: 600000 | K3: 600000 | L3: 600000 | M3: 600000 | N3: 600000 | O3: 600000 | P3: 600000 | Q3: 600000 | R3: 600000 | S3: 600000 | T3: 600000 | U3: 600000 | V3: 600000 | W3: 600000 | X3: 600000 | Y3: 600000 | Z3: 600000 | AA3: 200000 | AG3: =SUM(AH3:AI3) -> 12800000 | AH3: =SUM(D3:W3) -> 10800000 | AI3: =SUM(X3:AF3) -> 2000000
A4: 2 | B4: Aris | C4: 12000000 | I4: 600000 | J4: 400000 | K4: 500000 | L4: 500000 | M4: 500000 | N4: 500000 | O4: 500000 | P4: 500000 | Q4: 500000 | R4: 500000 | S4: 500000 | T4: 500000 | U4: 500000 | V4: 500000 | W4: 500000 | X4: 500000 | Y4: 500000 | Z4: 500000 | AA4: 500000 | AB4: 500000 | AC4: 500000 | AD4: 500000 | AE4: 500000 | AF4: 500000 | AG4: =SUM(AH4:AI4) -> 12000000 | AH4: =SUM(D4:W4) -> 7500000 | AI4: =SUM(X4:AF4) -> 4500000
A5: 4 | B5: Sandi | C5: 1000000 | U5: 200000 | V5: 200000 | W5: 200000 | X5: 200000 | Y5: 200000 | AG5: =SUM(AH5:AI5) -> 1000000 | AH5: =SUM(D5:W5) -> 600000 | AI5: =SUM(X5:AF5) -> 400000
A6: 5 | B6: Yusuf | C6: 1500000 | V6: 187500 | W6: 187500 | X6: 187500 | Y6: 187500 | Z6: 187500 | AA6: 187500 | AB6: 187500 | AC6: 187500 | AG6: =SUM(AH6:AI6) -> 1500000 | AH6: =SUM(D6:W6) -> 375000 | AI6: =SUM(X6:AF6) -> 1125000
A7: 6 | B7: Fia | C7: 3500000 | U7: 2500000 | V7: 875000 | W7: 125000 | AG7: =SUM(AH7:AI7) -> 3500000 | AH7: =SUM(D7:W7) -> 3500000 | AI7: =SUM(X7:AF7) -> 0
A8: 7 | B8: Andi | C8: 2000000 | W8: 350000 | X8: 350000 | Y8: 350000 | Z8: 350000 | AA8: 300000 | AB8: 300000 | AG8: =SUM(W8:AB8) -> 2000000 | AH8: =SUM(D8:W8) -> 350000 | AI8: =SUM(X8:AF8) -> 1650000
A9: 8 | B9: Listia | C9: 3000000 | X9: 1000000 | Y9: 1000000 | Z9: 1000000 | AG9: =SUM(W9:Y9) -> 2000000 | AH9: =SUM(D9:W9) -> 0 | AI9: =SUM(X9:AF9) -> 3000000
A10: 9 | B10: Novita P.F. | C10: 5000000 | X10: 1000000 | Y10: 1000000 | Z10: 1000000 | AA10: 1000000 | AB10: 1000000 | AG10: =SUM(X10:AB10) -> 5000000 | AH10: =SUM(D10:W10) -> 0 | AI10: =SUM(X10:AF10) -> 5000000
B11: Note
B12: Rincian Pembiayaan Neisha
A13: TK | B13: 1. SPP : 12 x 300.000 | C13: =12*300000 -> 3600000
B14: 2. Biaya Masuk TK | C14: 3350000
C15: =SUM(C13:C14) -> 6950000 | D15: TK LUNAS
A17: SD | B17: 1. Spp
B18: 2. Biaya masuk
B19: sisa hutang per januari

Sheet PER UNIT
B1: DATA ABSENSI SDM YAYASAN BINA INSAN MULIA BATAM PER TMT
B3: 1 | C3: 2 | D3: 3 | E3: 4 | F3: 5 | G3: 6 | I3: 8 | J3: 9 | K3: 10 | L3: 11 | M3: 12 | N3: 13 | O3: 14 | P3: 15 | Q3: 16 | R3: 17 | S3: 18 | T3: 19 | U3: 20 | V3: 21 | W3: 22 | X3: 23 | Y3: 24 | Z3: 25 | AA3: 26 | AB3: 27 | AC3: 28 | AD3: 29 | AE3: 30 | AF3: 31 | AG3: 32 | AH3: 33 | AI3: 34 | AJ3: 35 | AK3: 36 | AL3: 37 | AM3: 38 | AN3: 39 | AO3: 40 | AP3: 41 | AQ3: 42 | AR3: 43 | AS3: 44 | AT3: 45 | AW3: 46 | AX3: 47 | AY3: 48 | AZ3: 49 | BA3: 50 | BB3: 51 | BC3: 52 | BD3: 53 | BE3: 54 | BF3: 55 | BG3: 56 | BH3: 57 | BI3: 58 | BJ3: 59 | BK3: 60 | BL3: 61 | BM3: 62 | BN3: 63 | BO3: 64 | BP3: 65 | BQ3: 66 | BR3: 67 | BS3: 68 | BT3: 69
A4: N0 | B4: KODESLIP | C4: NAMA | D4: NRK | E4: UNIT | F4: TTL | G4: BULAN | H4: JOIN DATE | I4: MASA KERJA | J4: STATUS KARY. | K4: STATUS PERNIKAHAN | L4: PENDIDIKAN | M4: GRADE | N4: GRADE KHUSUS | O4: JABATAN | P4: KODE JABATAN | Q4: JML HARI KERJA | R4: ON TIME | S4: TELAT | T4: SAKIT | U4: IZIN | V4: TANPA KET. | W4: ESKUL PRAMUKA | X4: INST. RENANG | Y4: ASST. RENANG | Z4: TUGAS DI HR. KERJA | AA4: TGS. DI HR. LIBUR | AB4: ASST. RENANG | AC4: TAMBAH JAM | AD4: DAYCARE BAYI | AE4: DAY CARE ANAK PG-TK | AF4: MASUK MALAM/MAKAN | AG4: MUSRIF/AH | AH4: FUTSAL | AI4: EKSKUL WAJIB | AJ4: EKSKUL PILIHAN | AK4: GAJI POKOK | AL4: TUNJ. FUNGSIONAL | AM4: TUNJ. KEHADIRAN | AN4: TUNJ. RUMAH | AO4: TUNJ. MASA KERJA | AP4: TUNJ. BPJS KESEHATAN | AQ4: TUNJ. ESKUL | AR4: TUNJ. LEMBUR | AS4: TUNJ. MAKAN | AT4: TUNJ. SUKA/DUKA | AU4: BEASISWA TK | AV4: BEASISWA SD | AW4: BEASISWA SMP | AX4: TUNJ. Khusus | AY4: Ket Tj Khusus | AZ4: SUBSIDI PENITIPAN | BA4: SUBSIDI TPQ | BB4: Tunj Insentif PEMKO | BC4: BPJS KETENA KERJAAN | BD4: GAJI SBLM POTONGAN | BE4: POTONGAN ABSEN | BF4: POTONGAN TELAT | BG4: POTONGAN DAY CARE | BH4: POTONGAN BPJS KESEHATAN | BI4: POTONGAN PINJAMAN | BJ4: POTONGAN ZISWAF | BK4: POT BPJS TENAGA KERJA | BL4: POT. BIAYA PENDIDIKAN | BM4: POT. PEMKO | BN4: IURAN BPJS YYS | BO4: NIHIL | BP4: TOTAL POTONGAN | BQ4: KOREKSI GAJI | BR4: KETERANGAN KOREKSI | BS4: GAJI BERSIH | BT4: No.Rek Bank
S5: 7500 | T5: 25000 | U5: 40000 | V5: 60000 | W5: 25000 | X5: 75000 | Y5: 25000 | Z5: 30000 | AA5: 50000 | AD5: 250000 | AE5: 175000 | AF5: 20000 | AG5: 30000 | AH5: 100000 | AI5: 50000 | AJ5: 30000 | AT5: 1000000 | AU5: 685000 | AV5: 950000 | AW5: 1500000 | BC5: 84800 | BK5: 40000
A7: 1 | B7: SLP001 | C7: AA1 | D7: 210.005 | E7: RA IT | F7: Madiun, 21 April | G7: Februari | H7: 20 Juli 2010 | I7: 15 | J7: TETAP | K7: BM | L7: SMA | M7: 1A | N7: IA5 | O7: Admin RA | P7: ADR | Q7: 19 | R7: 19 | AA7: 1 | AK7: =VLOOKUP(N7,Gapok!$B$5:$I$94,6,0) -> 900000 | AL7: =VLOOKUP(P7,'TJ. FUNGSIONAL'!$B$4:$F$34,5,0) -> 400000 | AM7: =IF(R7+S7>=Q7,VLOOKUP(N7,[1]Gapok!$B$5:$I$94,8,0),VLOOKUP('[1]PER UNIT'!N7,[1]Gapok!$B$5:$I$94,7,0)*('[1]PER UNIT'!R7+'[1]PER UNIT'!S7)) -> 375000 | AN7: =VLOOKUP(P7,'TJ. FUNGSIONAL'!$B$4:$E$34,4,0) -> 300000 | AO7: =50000*I7 -> 750000 | AP7: 35000 | AQ7: =(W7*25000)+X7*75000+Y7*25000+AH7*100000+AI7*50000+AJ7*30000 -> 0 | AR7: =Z7*30000+AA7*50000 -> 50000 | AS7: =25000*AF7 -> 0 | BB7: 985000 | BC7: 84800 | BD7: =SUM(AK7:BC7) -> 3879800 | BE7: =T7*25000+U7*40000+V7*60000 -> 0 | BF7: =7500*S7 -> 0 | BG7: =250000*AD7+175000*AE7 -> 0 | BH7: 0 | BI7: 0 | BK7: 40000 | BL7: =SUM(AU7:AW7) -> 0 | BM7: 985000 | BN7: 84800 | BP7: =SUM(BE7:BO7) -> 1109800 | BS7: =BD7-BP7+BQ7 -> 2770000 | BT7: 7023047998
A8: 2 | B8: SLP002 | C8: AA2 | D8: 210.010 | E8: RA IT | F8: Sleman, 19 Maret 1980 | G8: Februari | H8: 20 Juli 2010 | I8: 15 | J8: TETAP | K8: M3 | L8: S1 | M8: IC | N8: IIA1 | O8: =VLOOKUP(P8,'TJ. FUNGSIONAL'!$B$4:$C$34,2,0) -> Kepala RA | P8: KAR | Q8: 19 | R8: 19 | AA8: 1 | AK8: =VLOOKUP(N8,Gapok!$B$5:$I$94,6,0) -> 1650000 | AL8: =VLOOKUP(P8,'TJ. FUNGSIONAL'!$B$4:$F$34,5,0) -> 1500000 | AM8: =IF(R8+S8>=Q8,VLOOKUP(N8,[1]Gapok!$B$5:$I$94,8,0),VLOOKUP('[1]PER UNIT'!N8,[1]Gapok!$B$5:$I$94,7,0)*('[1]PER UNIT'!R8+'[1]PER UNIT'!S8)) -> 450000 | AN8: =VLOOKUP(P8,'TJ. FUNGSIONAL'!$B$4:$E$34,4,0) -> 500000 | AO8: =50000*I8 -> 750000 | AP8: 140000 | AQ8: =(W8*25000)+X8*75000+Y8*25000+AH8*100000+AI8*50000+AJ8*30000 -> 0 | AR8: =Z8*30000+AA8*50000 -> 50000 | AS8: =25000*AF8 -> 0 | AV8: =3*950000 -> 2850000 | BB8: 985000 | BC8: 84800 | BD8: =SUM(AK8:BC8) -> 8959800 | BE8: =T8*25000+U8*40000+V8*60000 -> 0 | BF8: =7500*S8 -> 0 | BG8: =250000*AD8+175000*AE8 -> 0 | BH8: =35000*6 -> 210000 | BI8: 0 | BK8: 40000 | BL8: =SUM(AU8:AW8) -> 2850000 | BM8: 985000 | BN8: 84800 | BP8: =SUM(BE8:BO8) -> 4169800 | BS8: =BD8-BP8+BQ8 -> 4790000 | BT8: 7106887416
A9: 3 | B9: SLP003 | C9: AA3 | D9: 210.013 | E9: RA IT | F9: Purba Bangun, 01 April 1971 | G9: Februari | H9: 20 Juli 2010 | I9: 15 | J9: TETAP | K9: M5 | L9: SMA | M9: IA | N9: IA5 | O9: =VLOOKUP(P9,'TJ. FUNGSIONAL'!$B$4:$C$34,2,0) -> Petugas Kebersihan | P9: PKR | Q9: 19 | R9: 13 | U9: 6 | AA9: 1 | AK9: =VLOOKUP(N9,Gapok!$B$5:$I$94,6,0) -> 900000 | AL9: =VLOOKUP(P9,'TJ. FUNGSIONAL'!$B$4:$F$34,5,0) -> 400000 | AM9: =IF(R9+S9>=Q9,VLOOKUP(N9,[1]Gapok!$B$5:$I$94,8,0),VLOOKUP('[1]PER UNIT'!N9,[1]Gapok!$B$5:$I$94,7,0)*('[1]PER UNIT'!R9+'[1]PER UNIT'!S9)) -> 270000 | AN9: =VLOOKUP(P9,'TJ. FUNGSIONAL'!$B$4:$E$34,4,0) -> 300000 | AO9: =50000*I9 -> 750000 | AP9: 35000 | AQ9: =(W9*25000)+X9*75000+Y9*25000+AH9*100000+AI9*50000+AJ9*30000 -> 0 | AR9: =Z9*30000+AA9*50000 -> 50000 | AS9: =25000*AF9 -> 0 | BB9: 985000 | BD9: =SUM(AK9:BC9) -> 3690000 | BE9: =T9*25000+U9*40000+V9*60000 -> 240000 | BF9: =7500*S9 -> 0 | BG9: =250000*AD9+175000*AE9 -> 0 | BH9: 0 | BI9: 0 | BL9: =SUM(AU9:AW9) -> 0 | BM9: 985000 | BP9: =SUM(BE9:BO9) -> 1225000 | BS9: =BD9-BP9+BQ9 -> 2465000 | BT9: 7106887467
A10: 4 | B10: SLP004 | C10: AA4 | D10: 210.017 | E10: RA IT | F10: Nganjuk 19-12-1986 | G10: Februari | H10: 1 Desember 2010 | I10: 13 | J10: TETAP | K10: M2 | L10: S1 | M10: IC | N10: IC5 | O10: =VLOOKUP(P10,'TJ. FUNGSIONAL'!$B$4:$C$34,2,0) -> Wakil Kepala RA | P10: WAR | Q10: 19 | R10: 19 | AA10: 1 | AE10: 1 | AK10: =VLOOKUP(N10,Gapok!$B$5:$I$94,6,0) -> 1450000 | AL10: =VLOOKUP(P10,'TJ. FUNGSIONAL'!$B$4:$F$34,5,0) -> 1200000 | AM10: =IF(R10+S10>=Q10,VLOOKUP(N10,[1]Gapok!$B$5:$I$94,8,0),VLOOKUP('[1]PER UNIT'!N10,[1]Gapok!$B$5:$I$94,7,0)*('[1]PER UNIT'!R10+'[1]PER UNIT'!S10)) -> 425000 | AN10: =VLOOKUP(P10,'TJ. FUNGSIONAL'!$B$4:$E$34,4,0) -> 400000 | AO10: =50000*I10 -> 650000 | AP10: 35000 | AQ10: =(W10*25000)+X10*75000+Y10*25000+AH10*100000+AI10*50000+AJ10*30000 -> 0 | AR10: =Z10*30000+AA10*50000 -> 50000 | AS10: =25000*AF10 -> 0 | AW10: 1500000 | BB10: 985000 | BC10: 84800 | BD10: =SUM(AK10:BC10) -> 6779800 | BE10: =T10*25000+U10*40000+V10*60000 -> 0 | BF10: =7500*S10 -> 0 | BG10: =250000*AD10+175000*AE10 -> 175000 | BH10: 35000 | BI10: 125000 | BK10: 40000 | BL10: =SUM(AU10:AW10) -> 1500000 | BM10: 985000 | BN10: 84800 | BP10: =SUM(BE10:BO10) -> 2944800 | BS10: =BD10-BP10+BQ10 -> 3835000 | BT10: 7106921487
A11: 5 | B11: SLP005 | C11: AA5 | D11: 218.119 | E11: RA IT | F11: Sidoarjo, 08 September 2000 | G11: Februari | H11: 20 Agustus 2018 | I11: 6 | J11: TETAP | K11: BM | L11: S1 | M11: 1C | N11: IC1 | O11: =VLOOKUP(P11,'TJ. FUNGSIONAL'!$B$4:$C$34,2,0) -> Wali Kelas RA | P11: WKR | Q11: 19 | R11: 11 | S11: 8 | W11: 6 | AA11: 1 | AK11: =VLOOKUP(N11,Gapok!$B$5:$I$94,2,0) -> 1020000 | AL11: =VLOOKUP(P11,'TJ. FUNGSIONAL'!$B$4:$F$34,5,0) -> 700000 | AM11: =IF(R11+S11>=Q11,VLOOKUP(N11,[1]Gapok!$B$5:$I$94,8,0),VLOOKUP('[1]PER UNIT'!N11,[1]Gapok!$B$5:$I$94,7,0)*('[1]PER UNIT'!R11+'[1]PER UNIT'!S11)) -> 425000 | AN11: =VLOOKUP(P11,'TJ. FUNGSIONAL'!$B$4:$E$34,4,0) -> 300000 | AO11: =50000*I11 -> 300000 | AP11: 35000 | AQ11: =(W11*25000)+X11*75000+Y11*25000+AH11*100000+AI11*50000+AJ11*30000 -> 150000 | AR11: =Z11*30000+AA11*50000 -> 50000 | AS11: =25000*AF11 -> 0 | BB11: 985000 | BC11: 84800 | BD11: =SUM(AK11:BC11) -> 4049800 | BE11: =T11*25000+U11*40000+V11*60000 -> 0 | BF11: =7500*S11 -> 60000 | BG11: =250000*AD11+175000*AE11 -> 0 | BH11: 35000 | BI11: 0 | BK11: 40000 | BL11: =SUM(AU11:AW11) -> 0 | BM11: 985000 | BN11: 84800 | BP11: =SUM(BE11:BO11) -> 1204800 | BS11: =BD11-BP11+BQ11 -> 2845000 | BT11: 7123023287
A12: 6 | B12: SLP006 | C12: AA6 | D12: 224.244 | E12: RA IT | F12: Bandung, 27 Juli 1974 | G12: Februari | H12: 12 Oktober 2024 | I12: 0 | J12: KONTRAK | K12: M3 | L12: SMA | M12: IA | N12: IA1 | O12: Karyawan Penitipan | P12: KYP | Q12: 19 | R12: 19 | AA12: 1 | AK12: =VLOOKUP(N12,Gapok!$B$5:$I$94,2,0) -> 800000 | AL12: =VLOOKUP(P12,'TJ. FUNGSIONAL'!$B$4:$F$34,5,0) -> 400000 | AM12: =IF(R12+S12>=Q12,(VLOOKUP(N12,[1]Gapok!$B$5:$I$94,5,0)),((VLOOKUP('[1]PER UNIT'!N12,[1]Gapok!$B$5:$I$94,4,0)*('[1]PER UNIT'!R12+'[1]PER UNIT'!S12)))) -> 375000 | AN12: =VLOOKUP(P12,'TJ. FUNGSIONAL'!$B$4:$E$34,4,0) -> 300000 | AO12: =50000*I12 -> 0 | AP12: 35000 | AQ12: =(W12*25000)+X12*75000+Y12*25000+AH12*100000+AI12*50000+AJ12*30000 -> 0 | AR12: =Z12*30000+AA12*50000 -> 50000 | AS12: =25000*AF12 -> 0 | BD12: =SUM(AK12:BC12) -> 1960000 | BE12: =T12*25000+U12*40000+V12*60000 -> 0 | BF12: =7500*S12 -> 0 | BG12: =250000*AD12+175000*AE12 -> 0 | BH12: 0 | BI12: 0 | BL12: =SUM(AU12:AW12) -> 0 | BP12: =SUM(BE12:BO12) -> 0 | BS12: =BD12-BP12+BQ12 -> 1960000 | BT12: 7301903469
A13: 7 | B13: SLP007 | C13: AA7 | D13: 224.239 | E13: RA IT | F13: Selat Panjang, 2 Juli 1997 | G13: Februari | H13: 13 Juli 2024 | I13: 1 | J13: KONTRAK | K13: M1 | L13: SMA | M13: 1C | N13: IC1 | O13: =VLOOKUP(P13,'TJ. FUNGSIONAL'!$B$4:$C$34,2,0) -> Guru Kelas RA | P13: GKR | AK13: =VLOOKUP(N13,Gapok!$B$5:$I$94,2,0) -> 1020000 | AL13: =VLOOKUP(P13,'TJ. FUNGSIONAL'!$B$4:$F$34,5,0) -> 500000 | AN13: =VLOOKUP(P13,'TJ. FUNGSIONAL'!$B$4:$E$34,4,0) -> 300000 | AO13: =50000*I13 -> 50000 | AP13: 35000 | AQ13: =(W13*25000)+X13*75000+Y13*25000+AH13*100000+AI13*50000+AJ13*30000 -> 0 | AR13: =Z13*30000+AA13*50000 -> 0 | AS13: =25000*AF13 -> 0 | AT13: 1000000 | BD13: =SUM(AK13:BC13) -> 2905000 | BE13: =T13*25000+U13*40000+V13*60000 -> 0 | BF13: =7500*S13 -> 0 | BG13: =250000*AD13+175000*AE13 -> 0 | BH13: 0 | BI13: 0 | BL13: =SUM(AU13:AW13) -> 0 | BP13: =SUM(BE13:BO13) -> 0 | BS13: =BD13-BP13+BQ13 -> 2905000 | BT13: 7149700425 | BU13: CUTI MELAHIRKAN
A14: 8 | B14: SLP008 | C14: AA8 | D14: 225.254 | E14: RA IT | F14: Purwakarta, 29 Mei 2001 | G14: Februari | H14: 10 Juli 2025 | I14: 0 | J14: KONTRAK | K14: M0 | L14: SMA | M14: IA | N14: IA3 | O14: =VLOOKUP(P14,'TJ. FUNGSIONAL'!$B$4:$C$34,2,0) -> Guru Kelas RA | P14: GKR | Q14: 19 | R14: 17 | S14: 2 | W14: 6 | AA14: 1 | AK14: =VLOOKUP(N14,Gapok!$B$5:$I$94,2,0) -> 840000 | AL14: =VLOOKUP(P14,'TJ. FUNGSIONAL'!$B$4:$F$34,5,0) -> 500000 | AM14: =IF(R14+S14>=Q14,(VLOOKUP(N14,[1]Gapok!$B$5:$I$94,5,0)),((VLOOKUP('[1]PER UNIT'!N14,[1]Gapok!$B$5:$I$94,4,0)*('[1]PER UNIT'!R14+'[1]PER UNIT'!S14)))) -> 375000 | AN14: =VLOOKUP(P14,'TJ. FUNGSIONAL'!$B$4:$E$34,4,0) -> 300000 | AO14: =50000*I14 -> 0 | AP14: 35000 | AQ14: =(W14*25000)+X14*75000+Y14*25000+AH14*100000+AI14*50000+AJ14*30000 -> 150000 | AR14: =Z14*30000+AA14*50000 -> 50000 | AS14: =25000*AF14 -> 0 | BD14: =SUM(AK14:BC14) -> 2250000 | BE14: =T14*25000+U14*40000+V14*60000 -> 0 | BF14: =7500*S14 -> 15000 | BG14: =250000*AD14+175000*AE14 -> 0 | BH14: 0 | BI14: 0 | BL14: =SUM(AU14:AW14) -> 0 | BP14: =SUM(BE14:BO14) -> 15000 | BS14: =BD14-BP14+BQ14 -> 2235000 | BT14: 7328941397
A15: 9 | B15: SLP009 | C15: AA9 | D15: 225.255 | E15: RA IT | F15: Tegal 27 Februari 2005 | G15: Februari | H15: 10 Juli 2025 | I15: 0 | J15: KONTRAK | K15: BM | L15: SMA | M15: IA | N15: IA3 | O15: =VLOOKUP(P15,'TJ. FUNGSIONAL'!$B$4:$C$34,2,0) -> Guru Kelas RA | P15: GKR | Q15: 19 | R15: 19 | AA15: 1 | AK15: =VLOOKUP(N15,Gapok!$B$5:$I$94,2,0) -> 840000 | AL15: =VLOOKUP(P15,'TJ. FUNGSIONAL'!$B$4:$F$34,5,0) -> 500000 | AM15: =IF(R15+S15>=Q15,(VLOOKUP(N15,[1]Gapok!$B$5:$I$94,5,0)),((VLOOKUP('[1]PER UNIT'!N15,[1]Gapok!$B$5:$I$94,4,0)*('[1]PER UNIT'!R15+'[1]PER UNIT'!S15)))) -> 375000 | AN15: =VLOOKUP(P15,'TJ. FUNGSIONAL'!$B$4:$E$34,4,0) -> 300000 | AO15: =50000*I15 -> 0 | AP15: 35000 | AQ15: =(W15*25000)+X15*75000+Y15*25000+AH15*100000+AI15*50000+AJ15*30000 -> 0 | AR15: =Z15*30000+AA15*50000 -> 50000 | AS15: =25000*AF15 -> 0 | BD15: =SUM(AK15:BC15) -> 2100000 | BE15: =T15*25000+U15*40000+V15*60000 -> 0 | BF15: =7500*S15 -> 0 | BG15: =250000*AD15+175000*AE15 -> 0 | BH15: 0 | BI15: 0 | BL15: =SUM(AU15:AW15) -> 0 | BP15: =SUM(BE15:BO15) -> 0 | BS15: =BD15-BP15+BQ15 -> 2100000 | BT15: 7328940625
A16: 10 | B16: SLP010 | C16: AA10 | D16: 225.258 | E16: RA IT | F16: Masjid Lama, 09 Agustus 1998 | G16: Februari | H16: 31 Juli 2025 | I16: 0 | J16: KONTRAK | K16: BM | L16: S1 | M16: 1C | N16: IC1 | O16: Guru Kelas RA | P16: GKR | Q16: 19 | R16: 19 | AA16: 1 | AK16: =VLOOKUP(N16,Gapok!$B$5:$I$94,2,0) -> 1020000 | AL16: =VLOOKUP(P16,'TJ. FUNGSIONAL'!$B$4:$F$34,5,0) -> 500000 | AM16: =IF(R16+S16>=Q16,(VLOOKUP(N16,[1]Gapok!$B$5:$I$94,5,0)),((VLOOKUP('[1]PER UNIT'!N16,[1]Gapok!$B$5:$I$94,4,0)*('[1]PER UNIT'!R16+'[1]PER UNIT'!S16)))) -> 375000 | AN16: =VLOOKUP(P16,'TJ. FUNGSIONAL'!$B$4:$E$34,4,0) -> 300000 | AO16: =50000*I16 -> 0 | AP16: 35000 | AR16: =Z16*30000+AA16*50000 -> 50000 | AS16: =25000*AF16 -> 0 | BD16: =SUM(AK16:BC16) -> 2280000 | BE16: =T16*25000+U16*40000+V16*60000 -> 0 | BF16: =7500*S16 -> 0 | BG16: =250000*AD16+175000*AE16 -> 0 | BH16: 0 | BI16: 0 | BL16: =SUM(AU16:AW16) -> 0 | BP16: =SUM(BE16:BO16) -> 0 | BS16: =BD16-BP16+BQ16 -> 2280000 | BT16: 7320036482
A17: 11 | B17: SLP011 | C17: AA11 | D17: 219.126 | E17: YAYASAN | F17: Banyumas, 7 Maret 1979 | G17: Februari | H17: 15 Mei 2019 | I17: 6 | J17: TETAP | K17: M5 | L17: S1 | M17: IIA | N17: IIA1 | O17: Kepala Divisi | P17: KDV | Q17: 18 | R17: 17 | S17: 1 | AA17: 1 | AK17: =VLOOKUP(N17,Gapok!$B$5:$I$94,6,0) -> 1650000 | AL17: =VLOOKUP(P17,'TJ. FUNGSIONAL'!$B$4:$F$34,3,0) -> 1850000 | AM17: =IF(R21+S17>=Q17,VLOOKUP(N17,Gapok!$B$5:$I$94,8,0),VLOOKUP('PER UNIT'!N17,Gapok!$B$5:$I$94,7,0)*('PER UNIT'!R21+'PER UNIT'!S17)) -> 450000 | AN17: =VLOOKUP(P17,'TJ. FUNGSIONAL'!$B$4:$E$34,4,0) -> 750000 | AO17: =50000*I17 -> 300000 | AP17: 140000 | AQ17: =(W17*25000)+X17*75000+Y17*25000+AH17*100000+AI17*50000+AJ17*30000 -> 0 | AR17: =Z17*30000+AA17*50000 -> 50000 | AS17: =25000*AF17 -> 0 | AV17: =950000+1000000 -> 1950000 | BC17: 84800 | BD17: =SUM(AK17:BC17) -> 7224800 | BE17: =T17*25000+U17*40000+V17*60000 -> 0 | BF17: =7500*S17 -> 7500 | BG17: =250000*AD17+175000*AE17 -> 0 | BH17: 140000 | BI17: 0 | BK17: 40000 | BL17: =SUM(AU17:AW17) -> 1950000 | BN17: 84800 | BP17: =SUM(BE17:BO17) -> 2222300 | BS17: =BD17-BP17+BQ17 -> 5002500 | BT17: 7023047947
A18: 12 | B18: SLP012 | C18: AA12 | D18: 210.008 | E18: SDIT | F18: Jember, 12 Desember 1985 | G18: Februari | H18: 7 Juli 2010 | I18: 15 | J18: TETAP | K18: M3 | L18: S1 | M18: IIC | N18: IIIA1 | O18: =VLOOKUP(P18,'TJ. FUNGSIONAL'!$B$4:$C$34,2,0) -> Kepala SD | P18: KAD | Q18: 18 | R18: 18 | W18: 2 | AE18: 1 | AK18: =VLOOKUP(N18,Gapok!$B$5:$I$94,6,0) -> 2500000 | AL18: =VLOOKUP(P18,'TJ. FUNGSIONAL'!$B$4:$F$34,5,0) -> 2200000 | AM18: =IF(R22+S18>=Q18,VLOOKUP(N18,Gapok!$B$5:$I$94,8,0),VLOOKUP('PER UNIT'!N18,Gapok!$B$5:$I$94,7,0)*('PER UNIT'!R22+'PER UNIT'!S18)) -> 525000 | AN18: =VLOOKUP(P18,'TJ. FUNGSIONAL'!$B$4:$E$34,4,0) -> 750000 | AO18: =50000*I18 -> 750000 | AP18: 35000 | AQ18: =(W18*25000)+X18*75000+Y18*25000+AH18*100000+AI18*50000+AJ18*30000 -> 50000 | AR18: =Z18*30000+AA18*50000 -> 0 | AS18: =25000*AF18 -> 0 | AU18: 685000 | AV18: 2000000 | BB18: 975000 | BC18: 84800 | BD18: =SUM(AK18:BC18) -> 10554800 | BE18: =T18*25000+U18*40000+V18*60000 -> 0 | BF18: =7500*S18 -> 0 | BG18: =250000*AD18+175000*AE18 -> 175000 | BH18: 0 | BI18: 0 | BK18: 40000 | BL18: =SUM(AU18:AW18) -> 2685000 | BM18: 975000 | BN18: 84800 | BP18: =SUM(BE18:BO18) -> 3959800 | BS18: =BD18-BP18+BQ18 -> 6595000 | BT18: 7030278784
A19: 13 | B19: SLP013 | C19: AA13 | D19: 211.020 | E19: SDIT | F19: Lamongan, 06 Juni 1980 | G19: Februari | H19: 22 Juni 2011 | I19: 14 | J19: TETAP | K19: M5 | L19: S1 | M19: IB | N19: IC1 | O19: =VLOOKUP(P19,'TJ. FUNGSIONAL'!$B$4:$C$34,2,0) -> Wakil Kepala SD | P19: WAD | Q19: 18 | R19: 18 | W19: 2 | AK19: =VLOOKUP(N19,Gapok!$B$5:$I$94,6,0) -> 1350000 | AL19: =VLOOKUP(P19,'TJ. FUNGSIONAL'!$B$4:$F$34,5,0) -> 1700000 | AM19: =IF(R21+S19>=Q19,VLOOKUP(N19,Gapok!$B$5:$I$94,8,0),VLOOKUP('PER UNIT'!N19,Gapok!$B$5:$I$94,7,0)*('PER UNIT'!R21+'PER UNIT'!S19)) -> 425000 | AN19: =VLOOKUP(P19,'TJ. FUNGSIONAL'!$B$4:$E$34,4,0) -> 500000 | AO19: =50000*I19 -> 700000 | AP19: 35000 | AQ19: =(W19*25000)+X19*75000+Y19*25000+AH19*100000+AI19*50000+AJ19*30000 -> 50000 | AR19: =Z19*30000+AA19*50000 -> 0 | AS19: =25000*AF19 -> 0 | AV19: 1000000 | AW19: 1500000 | BB19: 975000 | BC19: 84800 | BD19: =SUM(AK19:BC19) -> 8319800 | BE19: =T19*25000+U19*40000+V19*60000 -> 0 | BF19: =7500*S19 -> 0 | BG19: =250000*AD19+175000*AE19 -> 0 | BH19: 0 | BI19: 0 | BK19: 40000 | BL19: =SUM(AU19:AW19) -> 2500000 | BM19: 975000 | BN19: 84800 | BP19: =SUM(BE19:BO19) -> 3599800 | BS19: =BD19-BP19+BQ19 -> 4720000 | BT19: 7107158353
A20: 14 | B20: SLP014 | C20: AA14 | D20: 212.030 | E20: SDIT | F20: Karanganyar, 06 Februari 1983 | G20: Februari | H20: 4 Juli 2012 | I20: 13 | J20: TETAP | K20: M1 | L20: S1 | M20: IIB | N20: IIB7 | O20: =VLOOKUP(P20,'TJ. FUNGSIONAL'!$B$4:$C$34,2,0) -> Kepala Divisi | P20: KDV | Q20: 18 | R20: 16 | S20: 2 | W20: 2 | AK20: =VLOOKUP(N20,Gapok!$B$5:$I$94,6,0) -> 2075000 | AL20: =VLOOKUP(P20,'TJ. FUNGSIONAL'!$B$4:$F$34,5,0) -> 2200000 | AM20: =IF(R20+S20>=Q20,VLOOKUP(N20,Gapok!$B$5:$I$94,8,0),VLOOKUP('PER UNIT'!N20,Gapok!$B$5:$I$94,7,0)*('PER UNIT'!R20+'PER UNIT'!S20)) -> 475000 | AN20: =VLOOKUP(P20,'TJ. FUNGSIONAL'!$B$4:$E$34,4,0) -> 750000 | AO20: =50000*I20 -> 650000 | AP20: 35000 | AQ20: =(W20*25000)+X20*75000+Y20*25000+AH20*100000+AI20*50000+AJ20*30000 -> 50000 | AR20: =Z20*30000+AA20*50000 -> 0 | AS20: =25000*AF20 -> 0 | AV20: 1000000 | BB20: 975000 | BC20: 84800 | BD20: =SUM(AK20:BC20) -> 8294800 | BE20: =T20*25000+U20*40000+V20*60000 -> 0 | BF20: =7500*S20 -> 15000 | BG20: =250000*AD20+175000*AE20 -> 0 | BH20: 35000 | BI20: 0 | BK20: 40000 | BL20: =SUM(AU20:AW20) -> 1000000 | BM20: 975000 | BN20: 84800 | BP20: =SUM(BE20:BO20) -> 2149800 | BS20: =BD20-BP20+BQ20 -> 6145000 | BT20: 7040707349
A21: 15 | B21: SLP015 | C21: AA15 | D21: 214.064 | E21: SDIT | F21: Desa Bantan, 21-01-1984 | G21: Februari | H21: 1 Desember 2014 | I21: 10 | J21: TETAP | K21: M3 | L21: SMA | M21: IA | N21: IA5 | O21: =VLOOKUP(P21,'TJ. FUNGSIONAL'!$B$4:$C$34,2,0) -> Petugas Dapur | P21: PDY | Q21: 18 | R21: 18 | Z21: 14 | AA21: 1 | AE21: 1 | AK21: =VLOOKUP(N21,Gapok!$B$5:$I$94,6,0) -> 900000 | AL21: 990000 | AM21: =IF(R21+S21>=Q21,VLOOKUP(N21,Gapok!$B$5:$I$94,8,0),VLOOKUP('PER UNIT'!N21,Gapok!$B$5:$I$94,7,0)*('PER UNIT'!R21+'PER UNIT'!S21)) -> 375000 | AN21: =VLOOKUP(P21,'TJ. FUNGSIONAL'!$B$4:$E$34,4,0) -> 300000 | AO21: =50000*I21 -> 500000 | AP21: 35000 | AQ21: =(W21*25000)+X21*75000+Y21*25000+AH21*100000+AI21*50000+AJ21*30000 -> 0 | AR21: =Z21*30000+AA21*50000 -> 470000 | AS21: =25000*AF21 -> 0 | AU21: 685000 | AV21: 1000000 | AW21: 1500000 | BC21: 84800 | BD21: =SUM(AK21:BC21) -> 6839800 | BE21: =T21*25000+U21*40000+V21*60000 -> 0 | BF21: =7500*S21 -> 0 | BG21: =250000*AD21+175000*AE21 -> 175000 | BH21: 35000 | BI21: 0 | BK21: 40000 | BL21: =SUM(AU21:AW21) -> 3185000 | BN21: 84800 | BP21: =SUM(BE21:BO21) -> 3519800 | BQ21: 500000 | BR21: tambahan masak smp | BS21: =BD21-BP21+BQ21 -> 3820000 | BT21: 7106921207
A22: 16 | B22: SLP016 | C22: AA16 | D22: 216.084 | E22: SDIT | F22: Bandung, 10 April 1992 | G22: Februari | H22: 9 Agustus 2016 | I22: 8 | J22: TETAP | K22: BM | L22: S1 | M22: IIB | N22: IIB1 | O22: =VLOOKUP(P22,'TJ. FUNGSIONAL'!$B$4:$C$34,2,0) -> Wakil Kepala SD | P22: WAD | Q22: 18 | R22: 18 | W22: 2 | AI22: 2 | AK22: =VLOOKUP(N22,Gapok!$B$5:$I$94,6,0) -> 1925000 | AL22: =VLOOKUP(P22,'TJ. FUNGSIONAL'!$B$4:$F$34,5,0) -> 1700000 | AM22: =IF(R22+S22>=Q22,VLOOKUP(N22,Gapok!$B$5:$I$94,8,0),VLOOKUP('PER UNIT'!N22,Gapok!$B$5:$I$94,7,0)*('PER UNIT'!R22+'PER UNIT'!S22)) -> 475000 | AN22: =VLOOKUP(P22,'TJ. FUNGSIONAL'!$B$4:$E$34,4,0) -> 500000 | AO22: =50000*I22 -> 400000 | AP22: 35000 | AQ22: =(W22*25000)+X22*75000+Y22*25000+AH22*100000+AI22*50000+AJ22*30000 -> 150000 | AR22: =Z22*30000+AA22*50000 -> 0 | AS22: =25000*AF22 -> 0 | BB22: 975000 | BC22: 84800 | BD22: =SUM(AK22:BC22) -> 6244800 | BE22: =T22*25000+U22*40000+V22*60000 -> 0 | BF22: =7500*S22 -> 0 | BG22: =250000*AD22+175000*AE22 -> 0 | BH22: 35000 | BI22: 0 | BK22: 40000 | BL22: =SUM(AU22:AW22) -> 0 | BM22: 975000 | BN22: 84800 | BP22: =SUM(BE22:BO22) -> 1134800 | BS22: =BD22-BP22+BQ22 -> 5110000 | BT22: 7106921363
A23: 17 | B23: SLP017 | C23: AA17 | D23: 216.083 | E23: SDIT | F23: Gumaranga, 09 Maret 1992 | G23: Februari | H23: 10 Agustus 2016 | I23: 8 | J23: TETAP | K23: BM | L23: S1 | M23: IIB | N23: IIB1 | O23: =VLOOKUP(P23,'TJ. FUNGSIONAL'!$B$4:$C$34,2,0) -> Wakil Kepala SD | P23: WAD | Q23: 18 | R23: 12 | S23: 6 | W23: 2 | AE23: 1 | AK23: =VLOOKUP(N23,Gapok!$B$5:$I$94,6,0) -> 1925000 | AL23: =VLOOKUP(P23,'TJ. FUNGSIONAL'!$B$4:$F$34,5,0) -> 1700000 | AM23: =IF(R23+S23>=Q23,VLOOKUP(N23,Gapok!$B$5:$I$94,8,0),VLOOKUP('PER UNIT'!N23,Gapok!$B$5:$I$94,7,0)*('PER UNIT'!R23+'PER UNIT'!S23)) -> 475000 | AN23: =VLOOKUP(P23,'TJ. FUNGSIONAL'!$B$4:$E$34,4,0) -> 500000 | AO23: =50000*I23 -> 400000 | AP23: 105000 | AQ23: =(W23*25000)+X23*75000+Y23*25000+AH23*100000+AI23*50000+AJ23*30000 -> 50000 | AR23: =Z23*30000+AA23*50000 -> 0 | AS23: =25000*AF23 -> 0 | AU23: 685000 | BB23: 975000 | BC23: 84800 | BD23: =SUM(AK23:BC23) -> 6899800 | BE23: =T23*25000+U23*40000+V23*60000 -> 0 | BF23: =7500*S23 -> 45000 | BG23: =250000*AD23+175000*AE23 -> 175000 | BH23: 105000 | BI23: 0 | BK23: 40000 | BL23: =SUM(AU23:AW23) -> 685000 | BM23: 975000 | BN23: 84800 | BP23: =SUM(BE23:BO23) -> 2109800 | BS23: =BD23-BP23+BQ23 -> 4790000 | BT23: 7106921266
A24: 18 | B24: SLP018 | C24: AA18 | D24: 217.097 | E24: SDIT | F24: Bengkulu, 29 September 1990 | G24: Februari | H24: 13 Juni 2017 | I24: 8 | J24: TETAP | K24: M3 | L24: S1 | M24: IC | N24: IC1 | O24: =VLOOKUP(P24,'TJ. FUNGSIONAL'!$B$4:$C$34,2,0) -> Wali Kelas SD | P24: WKD | Q24: 18 | R24: 13 | S24: 5 | W24: 2 | AE24: 2 | AK24: =VLOOKUP(N24,Gapok!$B$5:$I$94,6,0) -> 1350000 | AL24: =VLOOKUP(P24,'TJ. FUNGSIONAL'!$B$4:$F$34,5,0) -> 1200000 | AM24: =IF(R24+S24>=Q24,VLOOKUP(N24,Gapok!$B$5:$I$94,8,0),VLOOKUP('PER UNIT'!N24,Gapok!$B$5:$I$94,7,0)*('PER UNIT'!R24+'PER UNIT'!S24)) -> 425000 | AN24: =VLOOKUP(P24,'TJ. FUNGSIONAL'!$B$4:$E$34,4,0) -> 300000 | AO24: =50000*I24 -> 400000 | AP24: 35000 | AQ24: =(W24*25000)+X24*75000+Y24*25000+AH24*100000+AI24*50000+AJ24*30000 -> 50000 | AR24: =Z24*30000+AA24*50000 -> 0 | AS24: =25000*AF24 -> 0 | AU24: 1370000 | AV24: 1000000 | BB24: 975000 | BC24: 84800 | BD24: =SUM(AK24:BC24) -> 7189800 | BE24: =T24*25000+U24*40000+V24*60000 -> 0 | BF24: =7500*S24 -> 37500 | BG24: =250000*AD24+175000*AE24 -> 350000 | BH24: 35000 | BI24: 0 | BK24: 40000 | BL24: =SUM(AU24:AW24) -> 2370000 | BM24: 975000 | BN24: 84800 | BP24: =SUM(BE24:BO24) -> 3892300 | BS24: =BD24-BP24+BQ24 -> 3297500 | BT24: 7112592932
A25: 19 | B25: SLP019 | C25: AA19 | D25: 217.100 | E25: SDIT | F25: Sleman, 17 April 1971 | G25: Februari | H25: 24 Juli 2017 | I25: 8 | J25: TETAP | K25: M4 | L25: SMA | M25: IA | N25: IA5 | O25: =VLOOKUP(P25,'TJ. FUNGSIONAL'!$B$4:$C$34,2,0) -> Petugas Kebersihan | P25: PKD | Q25: 21 | R25: 21 | AK25: =VLOOKUP(N25,Gapok!$B$5:$I$94,6,0) -> 900000 | AL25: =VLOOKUP(P25,'TJ. FUNGSIONAL'!$B$4:$F$34,5,0) -> 400000 | AM25: =IF(R25+S25>=Q25,VLOOKUP(N25,Gapok!$B$5:$I$94,8,0),VLOOKUP('PER UNIT'!N25,Gapok!$B$5:$I$94,7,0)*('PER UNIT'!R25+'PER UNIT'!S25)) -> 375000 | AN25: =VLOOKUP(P25,'TJ. FUNGSIONAL'!$B$4:$E$34,4,0) -> 300000 | AO25: =50000*I25 -> 400000 | AP25: 35000 | AQ25: =(W25*25000)+X25*75000+Y25*25000+AH25*100000+AI25*50000+AJ25*30000 -> 0 | AR25: =Z25*30000+AA25*50000 -> 0 | AS25: =25000*AF25 -> 0 | BD25: =SUM(AK25:BC25) -> 2410000 | BE25: =T25*25000+U25*40000+V25*60000 -> 0 | BF25: =7500*S25 -> 0 | BG25: =250000*AD25+175000*AE25 -> 0 | BH25: 0 | BI25: 0 | BL25: =SUM(AU25:AW25) -> 0 | BP25: =SUM(BE25:BO25) -> 0 | BS25: =BD25-BP25+BQ25 -> 2410000 | BT25: 7111989437
A26: 20 | B26: SLP020 | C26: AA20 | D26: 217.102 | E26: SDIT | F26: Magetan, 05 Mei 1974 | G26: Februari | H26: 43057 | I26: 7 | J26: TETAP | K26: M4 | L26: SMA | M26: IA | N26: IA3 | O26: =VLOOKUP(P26,'TJ. FUNGSIONAL'!$B$4:$C$34,2,0) -> Petugas Keamanan | P26: PKY | Q26: 28 | R26: 28 | AA26: 5 | AF26: 21 | AK26: =VLOOKUP(N26,Gapok!$B$5:$I$94,6,0) -> 850000 | AL26: =VLOOKUP(P26,'TJ. FUNGSIONAL'!$B$4:$F$34,5,0) -> 1200000 | AM26: =IF(R26+S26>=Q26,VLOOKUP(N26,Gapok!$B$5:$I$94,8,0),VLOOKUP('PER UNIT'!N26,Gapok!$B$5:$I$94,7,0)*('PER UNIT'!R26+'PER UNIT'!S26)) -> 375000 | AN26: =VLOOKUP(P26,'TJ. FUNGSIONAL'!$B$4:$E$34,4,0) -> 300000 | AO26: =50000*I26 -> 350000 | AP26: 35000 | AR26: =Z26*30000+AA26*50000 -> 250000 | AS26: =25000*AF26 -> 525000 | BD26: =SUM(AK26:BC26) -> 3885000 | BE26: =T26*25000+U26*40000+V26*60000 -> 0 | BF26: =7500*S26 -> 0 | BG26: =250000*AD26+175000*AE26 -> 0 | BH26: 0 | BI26: 0 | BL26: =SUM(AU26:AW26) -> 0 | BP26: =SUM(BE26:BO26) -> 0 | BS26: =BD26-BP26+BQ26 -> 3885000 | BT26: 7122991487
A27: 21 | B27: SLP021 | C27: AA21 | D27: 218.116 | E27: SDIT | F27: Kendal, 19 Januari 1993 | G27: Februari | H27: 16 Juli 2018 | I27: 7 | J27: TETAP | K27: BM | L27: S1 | M27: IC | N27: IC5 | O27: =VLOOKUP(P27,'TJ. FUNGSIONAL'!$B$4:$C$34,2,0) -> Wakil Kepala SD | P27: WADD | Q27: 18 | R27: 18 | W27: 2 | AH27: 2 | AK27: =VLOOKUP(N27,Gapok!$B$5:$I$94,6,0) -> 1450000 | AL27: =VLOOKUP(P27,'TJ. FUNGSIONAL'!$B$4:$F$34,5,0) -> 1500000 | AM27: =IF(R27+S27>=Q27,VLOOKUP(N27,Gapok!$B$5:$I$94,8,0),VLOOKUP('PER UNIT'!N27,Gapok!$B$5:$I$94,7,0)*('PER UNIT'!R27+'PER UNIT'!S27)) -> 425000 | AN27: =VLOOKUP(P27,'TJ. FUNGSIONAL'!$B$4:$E$34,4,0) -> 400000 | AO27: =50000*I27 -> 350000 | AP27: 70000 | AQ27: 250000 | AR27: =Z27*30000+AA27*50000 -> 0 | AS27: =25000*AF27 -> 0 | BB27: 975000 | BC27: 84800 | BD27: =SUM(AK27:BC27) -> 5504800 | BE27: =T27*25000+U27*40000+V27*60000 -> 0 | BF27: =7500*S27 -> 0 | BG27: =250000*AD27+175000*AE27 -> 0 | BH27: 70000 | BI27: 500000 | BK27: 40000 | BL27: =SUM(AU27:AW27) -> 0 | BM27: 975000 | BN27: 84800 | BP27: =SUM(BE27:BO27) -> 1669800 | BS27: =BD27-BP27+BQ27 -> 3835000 | BT27: 7122990488
A28: 22 | B28: SLP022 | C28: AA22 | D28: 219.136 | E28: SDIT | F28: Pekauman Kulon, 16 Juni 1990 | G28: Februari | H28: 15 Oktober 2019 | I28: 5 | J28: TETAP | K28: BM | L28: S1 | M28: IC | N28: IC1 | O28: =VLOOKUP(P28,'TJ. FUNGSIONAL'!$B$4:$C$34,2,0) -> Wakil Kepala SD | P28: WADD | Q28: 18 | R28: 18 | W28: 2 | AK28: =VLOOKUP(N28,Gapok!$B$5:$I$94,6,0) -> 1350000 | AL28: =VLOOKUP(P28,'TJ. FUNGSIONAL'!$B$4:$F$34,5,0) -> 1500000 | AM28: =IF(R28+S28>=Q28,VLOOKUP(N28,Gapok!$B$5:$I$94,8,0),VLOOKUP('PER UNIT'!N28,Gapok!$B$5:$I$94,7,0)*('PER UNIT'!R28+'PER UNIT'!S28)) -> 425000 | AN28: =VLOOKUP(P28,'TJ. FUNGSIONAL'!$B$4:$E$34,4,0) -> 400000 | AO28: =50000*I28 -> 250000 | AP28: 35000 | AQ28: =(W28*25000)+X28*75000+Y28*25000+AH28*100000+AI28*50000+AJ28*30000 -> 50000 | AR28: =Z28*30000+AA28*50000 -> 0 | AS28: =25000*AF28 -> 0 | BB28: 975000 | BC28: 84800 | BD28: =SUM(AK28:BC28) -> 5069800 | BE28: =T28*25000+U28*40000+V28*60000 -> 0 | BF28: =7500*S28 -> 0 | BG28: =250000*AD28+175000*AE28 -> 0 | BH28: 35000 | BI28: 0 | BK28: 40000 | BL28: =SUM(AU28:AW28) -> 0 | BM28: 975000 | BN28: 84800 | BP28: =SUM(BE28:BO28) -> 1134800 | BS28: =BD28-BP28+BQ28 -> 3935000 | BT28: 7135663594
A29: 23 | B29: SLP023 | C29: AA23 | D29: 219.140 | E29: SDIT | F29: Kumpulan, 23 Desember 1993 | G29: Februari | H29: 15 Oktober 2019 | I29: 5 | J29: TETAP | K29: BM | L29: S1 | M29: IB | N29: IC1 | O29: =VLOOKUP(P29,'TJ. FUNGSIONAL'!$B$4:$C$34,2,0) -> Guru Mapel SD | P29: GMD | Q29: 18 | R29: 17 | S29: 1 | W29: 2 | AH29: 2 | AK29: =VLOOKUP(N29,Gapok!$B$5:$I$94,6,0) -> 1350000 | AL29: =VLOOKUP(P29,'TJ. FUNGSIONAL'!$B$4:$F$34,5,0) -> 900000 | AM29: =IF(R29+S29>=Q29,VLOOKUP(N29,Gapok!$B$5:$I$94,8,0),VLOOKUP('PER UNIT'!N29,Gapok!$B$5:$I$94,7,0)*('PER UNIT'!R29+'PER UNIT'!S29)) -> 425000 | AN29: =VLOOKUP(P29,'TJ. FUNGSIONAL'!$B$4:$E$34,4,0) -> 300000 | AO29: =50000*I29 -> 250000 | AP29: 35000 | AQ29: =(W29*25000)+X29*75000+Y29*25000+AH29*100000+AI29*50000+AJ29*30000 -> 250000 | AR29: =Z29*30000+AA29*50000 -> 0 | AS29: =25000*AF29 -> 0 | BB29: 975000 | BC29: 84800 | BD29: =SUM(AK29:BC29) -> 4569800 | BE29: =T29*25000+U29*40000+V29*60000 -> 0 | BF29: =7500*S29 -> 7500 | BG29: =250000*AD29+175000*AE29 -> 0 | BH29: 35000 | BI29: 0 | BK29: 40000 | BL29: =SUM(AU29:AW29) -> 0 | BM29: 975000 | BN29: 84800 | BP29: =SUM(BE29:BO29) -> 1142300 | BS29: =BD29-BP29+BQ29 -> 3427500 | BT29: 7135663705
A30: 24 | B30: SLP024 | C30: AA24 | D30: 219.137 | E30: SDIT | F30: Dumai, 01 September 1994 | G30: Februari | H30: 15 Oktober 2019 | I30: 5 | J30: TETAP | K30: BM | L30: S2 | M30: IC | N30: IIA1 | O30: =VLOOKUP(P30,'TJ. FUNGSIONAL'!$B$4:$C$34,2,0) -> Wakil Kepala SD | P30: WADD | Q30: 8 | R30: 8 | AK30: =VLOOKUP(N30,Gapok!$B$5:$I$94,6,0) -> 1650000 | AL30: =VLOOKUP(P30,'TJ. FUNGSIONAL'!$B$4:$F$34,5,0) -> 1500000 | AM30: =8*18000 -> 144000 | AN30: =VLOOKUP(P30,'TJ. FUNGSIONAL'!$B$4:$E$34,4,0) -> 400000 | AO30: =50000*I30 -> 250000 | AP30: 35000 | AQ30: =(W30*25000)+X30*75000+Y30*25000+AH30*100000+AI30*50000+AJ30*30000 -> 0 | AR30: =Z30*30000+AA30*50000 -> 0 | AS30: =25000*AF30 -> 0 | AT30: 1000000 | AY30: Tim Media | BB30: 975000 | BC30: 84800 | BD30: =SUM(AK30:BC30) -> 6038800 | BE30: =T30*25000+U30*40000+V30*60000 -> 0 | BF30: =7500*S30 -> 0 | BG30: =250000*AD30+175000*AE30 -> 0 | BH30: 35000 | BI30: 0 | BK30: 40000 | BL30: =SUM(AU30:AW30) -> 0 | BM30: 975000 | BN30: 84800 | BP30: =SUM(BE30:BO30) -> 1134800 | BS30: =BD30-BP30+BQ30 -> 4904000 | BT30: 7135663675 | BU30: CUTI MELAHIRKAN
A31: 25 | B31: SLP025 | C31: AA25 | D31: 220.149 | E31: SDIT | F31: Bandar Selamat, 11 Oktober 1992 | G31: Februari | H31: 3 Februari 2020 | I31: 5 | J31: TETAP | K31: M1 | L31: S2 | M31: IC | N31: IC7 | O31: =VLOOKUP(P31,'TJ. FUNGSIONAL'!$B$4:$C$34,2,0) -> Guru Mapel SD | P31: GMD | Q31: 18 | R31: 18 | W31: 2 | AD31: 1 | AK31: =VLOOKUP(N31,Gapok!$B$5:$I$94,6,0) -> 1500000 | AL31: =VLOOKUP(P31,'TJ. FUNGSIONAL'!$B$4:$F$34,5,0) -> 900000 | AM31: =IF(R31+S31>=Q31,VLOOKUP(N31,Gapok!$B$5:$I$94,8,0),VLOOKUP('PER UNIT'!N31,Gapok!$B$5:$I$94,7,0)*('PER UNIT'!R31+'PER UNIT'!S31)) -> 425000 | AN31: =VLOOKUP(P31,'TJ. FUNGSIONAL'!$B$4:$E$34,4,0) -> 300000 | AO31: =50000*I31 -> 250000 | AP31: 35000 | AQ31: =(W31*25000)+X31*75000+Y31*25000+AH31*100000+AI31*50000+AJ31*30000 -> 50000 | AR31: =Z31*30000+AA31*50000 -> 0 | AS31: =25000*AF31 -> 0 | BB31: 975000 | BC31: 84800 | BD31: =SUM(AK31:BC31) -> 4519800 | BE31: =T31*25000+U31*40000+V31*60000 -> 0 | BF31: =7500*S31 -> 0 | BG31: =250000*AD31+175000*AE31 -> 250000 | BH31: 35000 | BI31: 0 | BK31: 40000 | BL31: =SUM(AU31:AW31) -> 0 | BM31: 975000 | BN31: 84800 | BP31: =SUM(BE31:BO31) -> 1384800 | BS31: =BD31-BP31+BQ31 -> 3135000 | BT31: 7139148783
A32: 26 | B32: SLP026 | C32: AA26 | D32: 220.151 | E32: SDIT | F32: Teluk Kuantan,13 September 1991 | G32: Februari | H32: 24 Februari 2020 | I32: 5 | J32: KONTRAK | K32: M1 | L32: S1 | M32: IB | N32: IC1 | O32: =VLOOKUP(P32,'TJ. FUNGSIONAL'!$B$4:$C$34,2,0) -> Wali Kelas SD | P32: WKD | Q32: 18 | R32: 15 | S32: 3 | W32: 2 | AD32: 1 | AK32: =VLOOKUP(N32,Gapok!$B$5:$I$94,6,0) -> 1350000 | AL32: =VLOOKUP(P32,'TJ. FUNGSIONAL'!$B$4:$F$34,5,0) -> 1200000 | AM32: =IF(R32+S32>=Q32,VLOOKUP(N32,Gapok!$B$5:$I$94,8,0),VLOOKUP('PER UNIT'!N32,Gapok!$B$5:$I$94,7,0)*('PER UNIT'!R32+'PER UNIT'!S32)) -> 425000 | AN32: =VLOOKUP(P32,'TJ. FUNGSIONAL'!$B$4:$E$34,4,0) -> 300000 | AO32: =50000*I32 -> 250000 | AP32: 35000 | AQ32: =(W32*25000)+X32*75000+Y32*25000+AH32*100000+AI32*50000+AJ32*30000 -> 50000 | AR32: =Z32*30000+AA32*50000 -> 0 | AS32: =25000*AF32 -> 0 | BB32: 975000 | BD32: =SUM(AK32:BC32) -> 4585000 | BE32: =T32*25000+U32*40000+V32*60000 -> 0 | BF32: =7500*S32 -> 22500 | BG32: =250000*AD32+175000*AE32 -> 250000 | BH32: 35000 | BI32: 0 | BL32: =SUM(AU32:AW32) -> 0 | BM32: 975000 | BP32: =SUM(BE32:BO32) -> 1282500 | BS32: =BD32-BP32+BQ32 -> 3302500 | BT32: 7139148805
A33: 27 | B33: SLP027 | C33: AA27 | D33: 220.152 | E33: SDIT | F33: Tangkahan Durian, 5 Desember 1995 | G33: Februari | H33: 25 Februari 2020 | I33: 5 | J33: TETAP | K33: BM | L33: S1 | M33: IB | N33: IC1 | O33: =VLOOKUP(P33,'TJ. FUNGSIONAL'!$B$4:$C$34,2,0) -> Wakil Kepala SD | P33: WADD | Q33: 18 | R33: 18 | W33: 2 | AK33: =VLOOKUP(N33,Gapok!$B$5:$I$94,6,0) -> 1350000 | AL33: =VLOOKUP(P33,'TJ. FUNGSIONAL'!$B$4:$F$34,5,0) -> 1500000 | AM33: =IF(R33+S33>=Q33,VLOOKUP(N33,Gapok!$B$5:$I$94,8,0),VLOOKUP('PER UNIT'!N33,Gapok!$B$5:$I$94,7,0)*('PER UNIT'!R33+'PER UNIT'!S33)) -> 425000 | AN33: =VLOOKUP(P33,'TJ. FUNGSIONAL'!$B$4:$E$34,4,0) -> 400000 | AO33: =50000*I33 -> 250000 | AP33: 35000 | AQ33: =(W33*25000)+X33*75000+Y33*25000+AH33*100000+AI33*50000+AJ33*30000 -> 50000 | AR33: =Z33*30000+AA33*50000 -> 0 | AS33: =25000*AF33 -> 0 | BB33: 975000 | BD33: =SUM(AK33:BC33) -> 4985000 | BE33: =T33*25000+U33*40000+V33*60000 -> 0 | BF33: =7500*S33 -> 0 | BG33: =250000*AD33+175000*AE33 -> 0 | BH33: 35000 | BI33: 0 | BL33: =SUM(AU33:AW33) -> 0 | BM33: 975000 | BP33: =SUM(BE33:BO33) -> 1010000 | BS33: =BD33-BP33+BQ33 -> 3975000 | BT33: 7139143889
A34: 28 | B34: SLP028 | C34: AA28 | D34: 220.157 | E34: SDIT | F34: Medan, 31 Maret 1978 | G34: Februari | H34: 7 Oktober 2020 | I34: 4 | J34: TETAP | K34: BM | L34: D-3 | M34: IB | N34: IB3 | O34: =VLOOKUP(P34,'TJ. FUNGSIONAL'!$B$4:$C$34,2,0) -> Guru Quran SD | P34: GQD | Q34: 18 | R34: 13 | S34: 5 | W34: 2 | AK34: =VLOOKUP(N34,Gapok!$B$5:$I$94,6,0) -> 1125000 | AL34: =VLOOKUP(P34,'TJ. FUNGSIONAL'!$B$4:$F$34,5,0) -> 900000 | AM34: =IF(R34+S34>=Q34,(VLOOKUP(N34,Gapok!$B$5:$I$94,5,0)),((VLOOKUP('PER UNIT'!N34,Gapok!$B$5:$I$94,4,0)*('PER UNIT'!R34+'PER UNIT'!S34)))) -> 375000 | AN34: =VLOOKUP(P34,'TJ. FUNGSIONAL'!$B$4:$E$34,4,0) -> 300000 | AO34: =50000*I34 -> 200000 | AP34: 35000 | AQ34: =(W34*25000)+X34*75000+Y34*25000+AH34*100000+AI34*50000+AJ34*30000 -> 50000 | AR34: =Z34*30000+AA34*50000 -> 0 | AS34: =25000*AF34 -> 0 | BB34: 975000 | BD34: =SUM(AK34:BC34) -> 3960000 | BE34: =T34*25000+U34*40000+V34*60000 -> 0 | BF34: =7500*S34 -> 37500 | BG34: =250000*AD34+175000*AE34 -> 0 | BH34: 0 | BI34: 0 | BL34: =SUM(AU34:AW34) -> 0 | BM34: 975000 | BP34: =SUM(BE34:BO34) -> 1012500 | BS34: =BD34-BP34+BQ34 -> 2947500 | BT34: 7119978658
A35: 29 | B35: SLP029 | C35: AA29 | D35: 221.170 | E35: SDIT | F35: Batam, 25 Juli 1998 | G35: Februari | H35: 11 Juli 2021 | I35: 4 | J35: KONTRAK | K35: BM | L35: S1 | M35: IC | N35: IC1 | O35: =VLOOKUP(P35,'TJ. FUNGSIONAL'!$B$4:$C$34,2,0) -> Guru Mapel SD | P35: GMD | Q35: 18 | R35: 18 | W35: 2 | AK35: =VLOOKUP(N35,Gapok!$B$5:$I$94,6,0) -> 1350000 | AL35: =VLOOKUP(P35,'TJ. FUNGSIONAL'!$B$4:$F$34,5,0) -> 900000 | AM35: =IF(R35+S35>=Q35,(VLOOKUP(N35,Gapok!$B$5:$I$94,5,0)),((VLOOKUP('PER UNIT'!N35,Gapok!$B$5:$I$94,4,0)*('PER UNIT'!R35+'PER UNIT'!S35)))) -> 375000 | AN35: =VLOOKUP(P35,'TJ. FUNGSIONAL'!$B$4:$E$34,4,0) -> 300000 | AO35: =50000*I35 -> 200000 | AP35: 35000 | AQ35: =(W35*25000)+X35*75000+Y35*25000+AH35*100000+AI35*50000+AJ35*30000 -> 50000 | AR35: =Z35*30000+AA35*50000 -> 0 | AS35: =25000*AF35 -> 0 | BB35: 975000 | BD35: =SUM(AK35:BC35) -> 4185000 | BE35: =T35*25000+U35*40000+V35*60000 -> 0 | BF35: =7500*S35 -> 0 | BG35: =250000*AD35+175000*AE35 -> 0 | BH35: 35000 | BI35: 0 | BL35: =SUM(AU35:AW35) -> 0 | BM35: 975000 | BP35: =SUM(BE35:BO35) -> 1010000 | BS35: =BD35-BP35+BQ35 -> 3175000 | BT35: 7150501207
A36: 30 | B36: SLP030 | C36: AA30 | D36: 221.173 | E36: SDIT | F36: Gebang, 17 Mei 1998 | G36: Februari | H36: 11 Juli 2021 | I36: 4 | J36: KONTRAK | K36: M2 | L36: S1 | M36: IC | N36: IC1 | O36: =VLOOKUP(P36,'TJ. FUNGSIONAL'!$B$4:$C$34,2,0) -> Guru Quran SD | P36: GQD | Q36: 18 | R36: 12 | S36: 6 | W36: 2 | AD36: 2 | AK36: =VLOOKUP(N36,Gapok!$B$5:$I$94,6,0) -> 1350000 | AL36: =VLOOKUP(P36,'TJ. FUNGSIONAL'!$B$4:$F$34,5,0) -> 900000 | AM36: =IF(R36+S36>=Q36,(VLOOKUP(N36,Gapok!$B$5:$I$94,8,0)),((VLOOKUP('PER UNIT'!N36,Gapok!$B$5:$I$94,7,0)*('PER UNIT'!R36+'PER UNIT'!S36)))) -> 425000 | AN36: =VLOOKUP(P36,'TJ. FUNGSIONAL'!$B$4:$E$34,4,0) -> 300000 | AO36: =50000*I36 -> 200000 | AP36: 35000 | AQ36: =(W36*25000)+X36*75000+Y36*25000+AH36*100000+AI36*50000+AJ36*30000 -> 50000 | AR36: =Z36*30000+AA36*50000 -> 0 | AS36: =25000*AF36 -> 0 | BB36: 975000 | BD36: =SUM(AK36:BC36) -> 4235000 | BE36: =T36*25000+U36*40000+V36*60000 -> 0 | BF36: =7500*S36 -> 45000 | BG36: =250000*AD36+175000*AE36 -> 500000 | BH36: 0 | BI36: 0 | BL36: =SUM(AU36:AW36) -> 0 | BM36: 975000 | BP36: =SUM(BE36:BO36) -> 1520000 | BS36: =BD36-BP36+BQ36 -> 2715000 | BT36: 7168912999
A37: 31 | B37: SLP031 | C37: AA31 | D37: 221.180 | E37: SDIT | F37: Tanah Merah, 25 Januari 2001 | G37: Februari | H37: 8 November 2021 | I37: 3 | J37: KONTRAK | K37: BM | L37: S1 | M37: IC | N37: IC1 | O37: =VLOOKUP(P37,'TJ. FUNGSIONAL'!$B$4:$C$34,2,0) -> Guru Quran SD | P37: GQD | Q37: 18 | R37: 8 | S37: 10 | W37: 2 | AK37: =VLOOKUP(N37,Gapok!$B$5:$I$94,6,0) -> 1350000 | AL37: =VLOOKUP(P37,'TJ. FUNGSIONAL'!$B$4:$F$34,5,0) -> 900000 | AM37: =IF(R37+S37>=Q37,(VLOOKUP(N37,Gapok!$B$5:$I$94,5,0)),((VLOOKUP('PER UNIT'!N37,Gapok!$B$5:$I$94,4,0)*('PER UNIT'!R37+'PER UNIT'!S37)))) -> 375000 | AN37: =VLOOKUP(P37,'TJ. FUNGSIONAL'!$B$4:$E$34,4,0) -> 300000 | AO37: =50000*I37 -> 150000 | AP37: 35000 | AQ37: =(W37*25000)+X37*75000+Y37*25000+AH37*100000+AI37*50000+AJ37*30000 -> 50000 | AR37: =Z37*30000+AA37*50000 -> 0 | AS37: =25000*AF37 -> 0 | BB37: 975000 | BD37: =SUM(AK37:BC37) -> 4135000 | BE37: =T37*25000+U37*40000+V37*60000 -> 0 | BF37: =7500*S37 -> 75000 | BG37: =250000*AD37+175000*AE37 -> 0 | BH37: 35000 | BI37: 0 | BL37: =SUM(AU37:AW37) -> 0 | BM37: 975000 | BP37: =SUM(BE37:BO37) -> 1085000 | BS37: =BD37-BP37+BQ37 -> 3050000 | BT37: 7193928166
A38: 32 | B38: SLP032 | C38: AA32 | D38: 222.196 | E38: SDIT | F38: Lukun, 02 Oktober 1995 | G38: Februari | H38: 1 Juli 2022 | I38: 3 | J38: KONTRAK | K38: BM | L38: S1 | M38: IC | N38: IC1 | O38: =VLOOKUP(P38,'TJ. FUNGSIONAL'!$B$4:$C$34,2,0) -> Wali Kelas SD | P38: WKD | Q38: 18 | R38: 18 | W38: 2 | AK38: =VLOOKUP(N38,Gapok!$B$5:$I$94,2,0) -> 1020000 | AL38: =VLOOKUP(P38,'TJ. FUNGSIONAL'!$B$4:$F$34,5,0) -> 1200000 | AM38: =IF(R38+S38>=Q38,(VLOOKUP(N38,Gapok!$B$5:$I$94,5,0)),((VLOOKUP('PER UNIT'!N38,Gapok!$B$5:$I$94,4,0)*('PER UNIT'!R38+'PER UNIT'!S38)))) -> 375000 | AN38: =VLOOKUP(P38,'TJ. FUNGSIONAL'!$B$4:$E$34,4,0) -> 300000 | AO38: =50000*I38 -> 150000 | AP38: 35000 | AQ38: =(W38*25000)+X38*75000+Y38*25000+AH38*100000+AI38*50000+AJ38*30000 -> 50000 | AR38: =Z38*30000+AA38*50000 -> 0 | AS38: =25000*AF38 -> 0 | BB38: 975000 | BD38: =SUM(AK38:BC38) -> 4105000 | BE38: =T38*25000+U38*40000+V38*60000 -> 0 | BF38: =7500*S38 -> 0 | BG38: =250000*AD38+175000*AE38 -> 0 | BH38: 0 | BI38: 0 | BL38: =SUM(AU38:AW38) -> 0 | BM38: 975000 | BP38: =SUM(BE38:BO38) -> 975000 | BS38: =BD38-BP38+BQ38 -> 3130000 | BT38: 7135701615
A39: 33 | B39: SLP033 | C39: AA33 | D39: 222.198 | E39: SDIT | F39: Malalo, 18 Januari 1988 | G39: Februari | H39: 1 Juli 2022 | I39: 3 | J39: KONTRAK | K39: M2 | L39: S1 | M39: IC | N39: IC1 | O39: =VLOOKUP(P39,'TJ. FUNGSIONAL'!$B$4:$C$34,2,0) -> Wali Kelas SD | P39: WKD | Q39: 18 | R39: 18 | W39: 2 | AK39: =VLOOKUP(N39,Gapok!$B$5:$I$94,2,0) -> 1020000 | AL39: =VLOOKUP(P39,'TJ. FUNGSIONAL'!$B$4:$F$34,5,0) -> 1200000 | AM39: =IF(R39+S39>=Q39,(VLOOKUP(N39,Gapok!$B$5:$I$94,5,0)),((VLOOKUP('PER UNIT'!N39,Gapok!$B$5:$I$94,4,0)*('PER UNIT'!R39+'PER UNIT'!S39)))) -> 375000 | AN39: =VLOOKUP(P39,'TJ. FUNGSIONAL'!$B$4:$E$34,4,0) -> 300000 | AO39: =50000*I39 -> 150000 | AP39: 35000 | AQ39: =(W39*25000)+X39*75000+Y39*25000+AH39*100000+AI39*50000+AJ39*30000 -> 50000 | AR39: =Z39*30000+AA39*50000 -> 0 | AS39: =25000*AF39 -> 0 | AV39: 600000 | BB39: 975000 | BD39: =SUM(AK39:BC39) -> 4705000 | BE39: =T39*25000+U39*40000+V39*60000 -> 0 | BF39: =7500*S39 -> 0 | BG39: =250000*AD39+175000*AE39 -> 0 | BH39: 0 | BI39: 600000 | BL39: =SUM(AU39:AW39) -> 600000 | BM39: 975000 | BP39: =SUM(BE39:BO39) -> 2175000 | BS39: =BD39-BP39+BQ39 -> 2530000 | BT39: 7211450511
A40: 34 | B40: SLP034 | C40: AA34 | D40: 222.200 | E40: SDIT | F40: Batam, 10 Juni 1999 | G40: Februari | H40: 27 Juli 2022 | I40: 3 | J40: KONTRAK | K40: BM | L40: SMA | M40: IC | N40: IA1 | O40: =VLOOKUP(P40,'TJ. FUNGSIONAL'!$B$4:$C$34,2,0) -> Guru Quran SD | P40: GQD | Q40: 18 | R40: 16 | S40: 2 | W40: 2 | AK40: =VLOOKUP(N40,Gapok!$B$5:$I$94,2,0) -> 800000 | AL40: =VLOOKUP(P40,'TJ. FUNGSIONAL'!$B$4:$F$34,5,0) -> 900000 | AM40: =IF(R40+S40>=Q40,(VLOOKUP(N40,Gapok!$B$5:$I$94,5,0)),((VLOOKUP('PER UNIT'!N40,Gapok!$B$5:$I$94,4,0)*('PER UNIT'!R40+'PER UNIT'!S40)))) -> 375000 | AN40: =VLOOKUP(P40,'TJ. FUNGSIONAL'!$B$4:$E$34,4,0) -> 300000 | AO40: =50000*I40 -> 150000 | AP40: 35000 | AQ40: =(W40*25000)+X40*75000+Y40*25000+AH40*100000+AI40*50000+AJ40*30000 -> 50000 | AR40: =Z40*30000+AA40*50000 -> 0 | AS40: =25000*AF40 -> 0 | BD40: =SUM(AK40:BC40) -> 2610000 | BE40: =T40*25000+U40*40000+V40*60000 -> 0 | BF40: =7500*S40 -> 15000 | BG40: =250000*AD40+175000*AE40 -> 0 | BH40: 35000 | BI40: 0 | BL40: =SUM(AU40:AW40) -> 0 | BP40: =SUM(BE40:BO40) -> 50000 | BS40: =BD40-BP40+BQ40 -> 2560000 | BT40: 7173868019
A41: 35 | B41: SLP035 | C41: AA35 | D41: 223.230 | E41: SDIT | F41: Purworejo, 1 Juli 1972 | G41: Februari | H41: 4 November 2023 | I41: 1 | J41: KONTRAK | K41: M3 | L41: SMA | M41: 1B | N41: IB2 | O41: Petugas Keamanan | P41: PKY | Q41: 28 | R41: 28 | AA41: 5 | AF41: 7 | AK41: =VLOOKUP(N41,Gapok!$B$5:$I$94,2,0) -> 950000 | AL41: =VLOOKUP(P41,'TJ. FUNGSIONAL'!$B$4:$F$34,5,0) -> 1200000 | AM41: =IF(R41+S41>=Q41,(VLOOKUP(N41,Gapok!$B$5:$I$94,5,0)),((VLOOKUP('PER UNIT'!N41,Gapok!$B$5:$I$94,4,0)*('PER UNIT'!R41+'PER UNIT'!S41)))) -> 375000 | AN41: =VLOOKUP(P41,'TJ. FUNGSIONAL'!$B$4:$E$34,4,0) -> 300000 | AO41: =50000*I41 -> 50000 | AP41: 35000 | AQ41: =(W41*25000)+X41*75000+Y41*25000+AH41*100000+AI41*50000+AJ41*30000 -> 0 | AR41: =Z41*30000+AA41*50000 -> 250000 | AS41: =25000*AF41 -> 175000 | BD41: =SUM(AK41:BC41) -> 3335000 | BE41: =T41*25000+U41*40000+V41*60000 -> 0 | BF41: =7500*S41 -> 0 | BG41: =250000*AD41+175000*AE41 -> 0 | BH41: 0 | BI41: 0 | BL41: =SUM(AU41:AW41) -> 0 | BP41: =SUM(BE41:BO41) -> 0 | BS41: =BD41-BP41+BQ41 -> 3335000 | BT41: 7261293255
A42: 36 | B42: SLP036 | C42: AA36 | D42: 223.222 | E42: SDIT | F42: Batam, 04 Februari 2001 | G42: Februari | H42: 12 Juli 2023 | I42: 2 | J42: KONTRAK | K42: BM | L42: DII | M42: IB | N42: IB1 | O42: Wali Kelas SD | P42: WKD | Q42: 18 | R42: 8 | S42: 10 | W42: 2 | AK42: =VLOOKUP(N42,Gapok!$B$5:$I$94,2,0) -> 930000 | AL42: =VLOOKUP(P42,'TJ. FUNGSIONAL'!$B$4:$F$34,5,0) -> 1200000 | AM42: =IF(R42+S42>=Q42,(VLOOKUP(N42,Gapok!$B$5:$I$94,5,0)),((VLOOKUP('PER UNIT'!N42,Gapok!$B$5:$I$94,4,0)*('PER UNIT'!R42+'PER UNIT'!S42)))) -> 375000 | AN42: =VLOOKUP(P42,'TJ. FUNGSIONAL'!$B$4:$E$34,4,0) -> 300000 | AO42: =50000*I42 -> 100000 | AP42: 35000 | AQ42: =(W42*25000)+X42*75000+Y42*25000+AH42*100000+AI42*50000+AJ42*30000 -> 50000 | AR42: =Z42*30000+AA42*50000 -> 0 | AS42: =25000*AF42 -> 0 | BD42: =SUM(AK42:BC42) -> 2990000 | BE42: =T42*25000+U42*40000+V42*60000 -> 0 | BF42: =7500*S42 -> 75000 | BG42: =250000*AD42+175000*AE42 -> 0 | BH42: 35000 | BI42: 0 | BL42: =SUM(AU42:AW42) -> 0 | BP42: =SUM(BE42:BO42) -> 110000 | BS42: =BD42-BP42+BQ42 -> 2880000 | BT42: 7222838449
A43: 37 | B43: SLP037 | C43: AA37 | D43: 223.229 | E43: SDIT | F43: Batam, 15 April 2004 | G43: Februari | H43: 18 September 2023 | I43: 1 | J43: KONTRAK | K43: BM | L43: SMA | M43: IA | N43: IA1 | O43: Guru Quran SD | P43: GQD | Q43: 18 | R43: 7 | S43: 11 | W43: 2 | AH43: 5 | AK43: =VLOOKUP(N43,Gapok!$B$5:$I$94,2,0) -> 800000 | AL43: =VLOOKUP(P43,'TJ. FUNGSIONAL'!$B$4:$F$34,5,0) -> 900000 | AM43: =IF(R43+S43>=Q43,(VLOOKUP(N43,Gapok!$B$5:$I$94,5,0)),((VLOOKUP('PER UNIT'!N43,Gapok!$B$5:$I$94,4,0)*('PER UNIT'!R43+'PER UNIT'!S43)))) -> 375000 | AN43: =VLOOKUP(P43,'TJ. FUNGSIONAL'!$B$4:$E$34,4,0) -> 300000 | AO43: =50000*I43 -> 50000 | AP43: 35000 | AQ43: =(W43*25000)+X43*75000+Y43*25000+AH43*100000+AI43*50000+AJ43*30000 -> 550000 | AR43: =Z43*30000+AA43*50000 -> 0 | AS43: =25000*AF43 -> 0 | BD43: =SUM(AK43:BC43) -> 3010000 | BE43: =T43*25000+U43*40000+V43*60000 -> 0 | BF43: =7500*S43 -> 82500 | BG43: =250000*AD43+175000*AE43 -> 0 | BH43: 0 | BI43: 0 | BL43: =SUM(AU43:AW43) -> 0 | BP43: =SUM(BE43:BO43) -> 82500 | BS43: =BD43-BP43+BQ43 -> 2927500 | BT43: 7252035553
A44: 38 | B44: SLP038 | C44: AA38 | D44: 224.240 | E44: SDIT | F44: Parit Arman, 13 Februari 1986 | G44: Februari | H44: 15 Agustus 2024 | I44: 0 | J44: KONTRAK | K44: BM | L44: SMA | M44: IA | N44: IA1 | O44: Petugas Keamanan | P44: PKY | Q44: 28 | R44: 28 | W44: 2 | AA44: 4 | AF44: 14 | AK44: =VLOOKUP(N44,Gapok!$B$5:$I$94,2,0) -> 800000 | AL44: =VLOOKUP(P44,'TJ. FUNGSIONAL'!$B$4:$F$34,5,0) -> 1200000 | AM44: =IF(R44+S44>=Q44,(VLOOKUP(N44,Gapok!$B$5:$I$94,5,0)),((VLOOKUP('PER UNIT'!N44,Gapok!$B$5:$I$94,4,0)*('PER UNIT'!R44+'PER UNIT'!S44)))) -> 375000 | AN44: =VLOOKUP(P44,'TJ. FUNGSIONAL'!$B$4:$E$34,4,0) -> 300000 | AO44: =50000*I44 -> 0 | AP44: 35000 | AQ44: =(W44*25000)+X44*75000+Y44*25000+AH44*100000+AI44*50000+AJ44*30000 -> 50000 | AR44: =Z44*30000+AA44*50000 -> 200000 | AS44: =25000*AF44 -> 350000 | BD44: =SUM(AK44:BC44) -> 3310000 | BE44: =T44*25000+U44*40000+V44*60000 -> 0 | BF44: =7500*S44 -> 0 | BG44: =250000*AD44+175000*AE44 -> 0 | BH44: 0 | BI44: 0 | BL44: =SUM(AU44:AW44) -> 0 | BP44: =SUM(BE44:BO44) -> 0 | BS44: =BD44-BP44+BQ44 -> 3310000 | BT44: 7284140518
A45: 39 | B45: SLP040 | C45: AA39 | D45: 225.251 | E45: SDIT | F45: Mattoanging, 20 juni 2001 | G45: Februari | H45: 17 Mei 2025 | I45: 0 | J45: KONTRAK | K45: BM | L45: SMA | M45: IC | N45: IC1 | O45: Guru Quran SD | P45: GQD | Q45: 18 | R45: 11 | S45: 7 | W45: 2 | AH45: 2 | AK45: =VLOOKUP(N45,Gapok!$B$5:$I$94,2,0) -> 1020000 | AL45: =VLOOKUP(P45,'TJ. FUNGSIONAL'!$B$4:$F$34,5,0) -> 900000 | AM45: =IF(R45+S45>=Q45,(VLOOKUP(N45,Gapok!$B$5:$I$94,5,0)),((VLOOKUP('PER UNIT'!N45,Gapok!$B$5:$I$94,4,0)*('PER UNIT'!R45+'PER UNIT'!S45)))) -> 375000 | AN45: =VLOOKUP(P45,'TJ. FUNGSIONAL'!$B$4:$E$34,4,0) -> 300000 | AO45: =50000*I45 -> 0 | AP45: 35000 | AQ45: =(W45*25000)+X45*75000+Y45*25000+AH45*100000+AI45*50000+AJ45*30000 -> 250000 | AR45: =Z45*30000+AA45*50000 -> 0 | AS45: =25000*AF45 -> 0 | BD45: =SUM(AK45:BC45) -> 2880000 | BE45: =T45*25000+U45*40000+V45*60000 -> 0 | BF45: =7500*S45 -> 52500 | BG45: =250000*AD45+175000*AE45 -> 0 | BH45: 0 | BI45: 0 | BL45: =SUM(AU45:AW45) -> 0 | BP45: =SUM(BE45:BO45) -> 52500 | BS45: =BD45-BP45+BQ45 -> 2827500 | BT45: 7186729988
A46: 40 | B46: SLP041 | C46: AA40 | D46: 225.252 | E46: SDIT | F46: Selatpanjang, 7 Mei 1996 | G46: Februari | H46: 17 Mei 2025 | I46: 0 | J46: KONTRAK | K46: BM | L46: S1 | M46: IC | N46: IC1 | O46: Guru Quran SD | P46: GQD | Q46: 18 | R46: 16 | S46: 2 | W46: 2 | AH46: 2 | AK46: =VLOOKUP(N46,Gapok!$B$5:$I$94,2,0) -> 1020000 | AL46: =VLOOKUP(P46,'TJ. FUNGSIONAL'!$B$4:$F$34,5,0) -> 900000 | AM46: =IF(R46+S46>=Q46,(VLOOKUP(N46,Gapok!$B$5:$I$94,5,0)),((VLOOKUP('PER UNIT'!N46,Gapok!$B$5:$I$94,4,0)*('PER UNIT'!R46+'PER UNIT'!S46)))) -> 375000 | AN46: =VLOOKUP(P46,'TJ. FUNGSIONAL'!$B$4:$E$34,4,0) -> 300000 | AO46: =50000*I46 -> 0 | AP46: 35000 | AQ46: =(W46*25000)+X46*75000+Y46*25000+AH46*100000+AI46*50000+AJ46*30000 -> 250000 | AR46: =Z46*30000+AA46*50000 -> 0 | AS46: =25000*AF46 -> 0 | BD46: =SUM(AK46:BC46) -> 2880000 | BE46: =T46*25000+U46*40000+V46*60000 -> 0 | BF46: =7500*S46 -> 15000 | BG46: =250000*AD46+175000*AE46 -> 0 | BH46: 0 | BI46: 0 | BL46: =SUM(AU46:AW46) -> 0 | BP46: =SUM(BE46:BO46) -> 15000 | BS46: =BD46-BP46+BQ46 -> 2865000 | BT46: 1047292154
A47: 41 | B47: SLP037 | C47: AA41 | D47: 225.253 | E47: SDIT | F47: Parit Satam, 15 April 1974 | G47: Februari | H47: 4 Juni 2025 | I47: 0 | J47: KONTRAK | K47: M3 | L47: SMP | M47: 1A | N47: IA1 | O47: Petugas Dapur SD | P47: PDY | Q47: 18 | R47: 18 | Z47: 14 | AA47: 1 | AK47: =VLOOKUP(N47,Gapok!$B$5:$I$94,2,0) -> 800000 | AL47: 990000 | AM47: =IF(R47+S47>=Q47,(VLOOKUP(N47,Gapok!$B$5:$I$94,5,0)),((VLOOKUP('PER UNIT'!N47,Gapok!$B$5:$I$94,4,0)*('PER UNIT'!R47+'PER UNIT'!S47)))) -> 375000 | AN47: =VLOOKUP(P47,'TJ. FUNGSIONAL'!$B$4:$E$34,4,0) -> 300000 | AO47: =50000*I47 -> 0 | AP47: 35000 | AQ47: =(W47*25000)+X47*75000+Y47*25000+AH47*100000+AI47*50000+AJ47*30000 -> 0 | AR47: =Z47*30000+AA47*50000 -> 470000 | AS47: =25000*AF47 -> 0 | BD47: =SUM(AK47:BC47) -> 2970000 | BE47: =T47*25000+U47*40000+V47*60000 -> 0 | BF47: =7500*S47 -> 0 | BG47: =250000*AD47+175000*AE47 -> 0 | BH47: 0 | BI47: 0 | BL47: =SUM(AU47:AW47) -> 0 | BP47: =SUM(BE47:BO47) -> 0 | BQ47: 500000 | BR47: tambahan masak smp | BS47: =BD47-BP47+BQ47 -> 3470000 | BT47: 7318183777
A48: 42 | B48: SLP038 | C48: AA42 | D48: 225.256 | E48: SDIT | F48: Benteng, 28 Februari 1995 | G48: Februari | H48: 10 Juli 2025 | I48: 0 | J48: KONTRAK | K48: BM | L48: S1 | M48: IC | N48: IC10 | O48: Wali Kelas SD | P48: WKD | Q48: 18 | R48: 18 | W48: 2 | AK48: =VLOOKUP(N48,Gapok!$B$5:$I$94,2,0) -> 1200000 | AL48: =VLOOKUP(P48,'TJ. FUNGSIONAL'!$B$4:$F$34,5,0) -> 1200000 | AM48: =IF(R48+S48>=Q48,(VLOOKUP(N48,Gapok!$B$5:$I$94,8,0)),((VLOOKUP('PER UNIT'!N48,Gapok!$B$5:$I$94,7,0)*('PER UNIT'!R48+'PER UNIT'!S48)))) -> 425000 | AN48: =VLOOKUP(P48,'TJ. FUNGSIONAL'!$B$4:$E$34,4,0) -> 300000 | AO48: =50000*I48 -> 0 | AP48: 35000 | AQ48: =(W48*25000)+X48*75000+Y48*25000+AH48*100000+AI48*50000+AJ48*30000 -> 50000 | AR48: =Z48*30000+AA48*50000 -> 0 | AS48: =25000*AF48 -> 0 | BD48: =SUM(AK48:BC48) -> 3210000 | BE48: =T48*25000+U48*40000+V48*60000 -> 0 | BF48: =7500*S48 -> 0 | BG48: =250000*AD48+175000*AE48 -> 0 | BH48: 0 | BI48: 0 | BL48: =SUM(AU48:AW48) -> 0 | BP48: =SUM(BE48:BO48) -> 0 | BS48: =BD48-BP48+BQ48 -> 3210000 | BT48: 7330016188
A49: 43 | B49: SLP040 | C49: AA43 | D49: 225.261 | E49: SDIT | F49: Pajar Bulan, 10 Agustus 1994 | G49: Februari | H49: 15 September 2025 | I49: 0 | J49: KONTRAK | K49: MO | L49: S1 | M49: IC | N49: IC1 | O49: Guru Quran SD | P49: GQD | Q49: 18 | R49: 15 | S49: 3 | W49: 2 | AK49: =VLOOKUP(N49,Gapok!$B$5:$I$94,2,0) -> 1020000 | AL49: =VLOOKUP(P49,'TJ. FUNGSIONAL'!$B$4:$F$34,5,0) -> 900000 | AM49: =IF(R49+S49>=Q49,(VLOOKUP(N49,Gapok!$B$5:$I$94,5,0)),((VLOOKUP('PER UNIT'!N49,Gapok!$B$5:$I$94,4,0)*('PER UNIT'!R49+'PER UNIT'!S49)))) -> 375000 | AN49: =VLOOKUP(P49,'TJ. FUNGSIONAL'!$B$4:$E$34,4,0) -> 300000 | AO49: =50000*I49 -> 0 | AP49: 35000 | AQ49: =(W49*25000)+X49*75000+Y49*25000+AH49*100000+AI49*50000+AJ49*30000 -> 50000 | AR49: =Z49*30000+AA49*50000 -> 0 | AS49: =25000*AF49 -> 0 | BD49: =SUM(AK49:BC49) -> 2680000 | BE49: =T49*25000+U49*40000+V49*60000 -> 0 | BF49: =7500*S49 -> 22500 | BG49: =250000*AD49+175000*AE49 -> 0 | BH49: 0 | BI49: 0 | BL49: =SUM(AU49:AW49) -> 0 | BP49: =SUM(BE49:BO49) -> 22500 | BS49: =BD49-BP49+BQ49 -> 2657500 | BT49: 7337091468
A50: 44 | B50: SLP041 | C50: AA44 | D50: 225.263 | E50: SDIT | F50: Batam, 27 Juli 2001 | G50: Februari | H50: 7 November 2025 | I50: 0 | J50: KONTRAK | K50: BM | L50: S1 | M50: IC | N50: IC1 | O50: Guru Kelas SD | P50: GKD | Q50: 18 | R50: 18 | W50: 2 | AK50: =VLOOKUP(N50,Gapok!$B$5:$I$94,2,0) -> 1020000 | AL50: =VLOOKUP(P50,'TJ. FUNGSIONAL'!$B$4:$F$34,5,0) -> 900000 | AM50: =IF(R50+S50>=Q50,(VLOOKUP(N50,Gapok!$B$5:$I$94,5,0)),((VLOOKUP('PER UNIT'!N50,Gapok!$B$5:$I$94,4,0)*('PER UNIT'!R50+'PER UNIT'!S50)))) -> 375000 | AN50: =VLOOKUP(P50,'TJ. FUNGSIONAL'!$B$4:$E$34,4,0) -> 300000 | AO50: =50000*I50 -> 0 | AP50: 35000 | AQ50: =(W50*25000)+X50*75000+Y50*25000+AH50*100000+AI50*50000+AJ50*30000 -> 50000 | AR50: =Z50*30000+AA50*50000 -> 0 | AS50: =25000*AF50 -> 0 | BD50: =SUM(AK50:BC50) -> 2680000 | BE50: =T50*25000+U50*40000+V50*60000 -> 0 | BF50: =7500*S50 -> 0 | BG50: =250000*AD50+175000*AE50 -> 0 | BH50: 0 | BI50: 0 | BL50: =SUM(AU50:AW50) -> 0 | BP50: =SUM(BE50:BO50) -> 0 | BS50: =BD50-BP50+BQ50 -> 2680000 | BT50: 7141051614
A51: 45 | B51: SLP037 | C51: AA45 | D51: 225.264 | E51: SDIT | F51: Batam, 11 November 2002 | G51: Februari | H51: 7 November 2025 | I51: 0 | J51: KONTRAK | K51: BM | L51: S1 | M51: IC | N51: IC1 | O51: Guru Kelas SD | P51: GKD | Q51: 18 | R51: 16 | T51: 2 | W51: 2 | AK51: =VLOOKUP(N51,Gapok!$B$5:$I$94,2,0) -> 1020000 | AL51: =VLOOKUP(P51,'TJ. FUNGSIONAL'!$B$4:$F$34,5,0) -> 900000 | AM51: =IF(R51+S51>=Q51,(VLOOKUP(N51,Gapok!$B$5:$I$94,5,0)),((VLOOKUP('PER UNIT'!N51,Gapok!$B$5:$I$94,4,0)*('PER UNIT'!R51+'PER UNIT'!S51)))) -> 240000 | AN51: =VLOOKUP(P51,'TJ. FUNGSIONAL'!$B$4:$E$34,4,0) -> 300000 | AO51: =50000*I51 -> 0 | AP51: 35000 | AQ51: =(W51*25000)+X51*75000+Y51*25000+AH51*100000+AI51*50000+AJ51*30000 -> 50000 | AR51: =Z51*30000+AA51*50000 -> 0 | AS51: =25000*AF51 -> 0 | BD51: =SUM(AK51:BC51) -> 2545000 | BE51: =T51*25000+U51*40000+V51*60000 -> 50000 | BF51: =7500*S51 -> 0 | BG51: =250000*AD51+175000*AE51 -> 0 | BH51: 0 | BI51: 0 | BL51: =SUM(AU51:AW51) -> 0 | BP51: =SUM(BE51:BO51) -> 50000 | BS51: =BD51-BP51+BQ51 -> 2495000 | BT51: 7336452931
A52: 46 | B52: SLP038 | C52: AA46 | D52: 225.265 | E52: SDIT | F52: Batam, 23 Maret 1998 | G52: Februari | H52: 5 Januari 2026 | I52: 0 | J52: KONTRAK | K52: BM | L52: S1 | M52: IC | N52: IC1 | O52: Admin SD | P52: ADD | Q52: 18 | R52: 17 | S52: 1 | W52: 2 | AK52: =VLOOKUP(N52,Gapok!$B$5:$I$94,2,0) -> 1020000 | AL52: =VLOOKUP(P52,'TJ. FUNGSIONAL'!$B$4:$F$34,5,0) -> 600000 | AM52: =IF(R52+S52>=Q52,(VLOOKUP(N52,Gapok!$B$5:$I$94,5,0)),((VLOOKUP('PER UNIT'!N52,Gapok!$B$5:$I$94,4,0)*('PER UNIT'!R52+'PER UNIT'!S52)))) -> 375000 | AN52: =VLOOKUP(P52,'TJ. FUNGSIONAL'!$B$4:$E$34,4,0) -> 300000 | AO52: =50000*I52 -> 0 | AP52: 35000 | AQ52: =(W52*25000)+X52*75000+Y52*25000+AH52*100000+AI52*50000+AJ52*30000 -> 50000 | AR52: =Z52*30000+AA52*50000 -> 0 | AS52: =25000*AF52 -> 0 | BD52: =SUM(AK52:BC52) -> 2380000 | BE52: =T52*25000+U52*40000+V52*60000 -> 0 | BF52: =7500*S52 -> 7500 | BG52: =250000*AD52+175000*AE52 -> 0 | BH52: 0 | BI52: 0 | BL52: =SUM(AU52:AW52) -> 0 | BP52: =SUM(BE52:BO52) -> 7500 | BS52: =BD52-BP52+BQ52 -> 2372500 | BT52: 7098793709
A53: 47 | B53: SLP040 | C53: AA47 | D53: 225.266 | E53: SDIT | F53: Ujungpandang, 23 Desember 1998 | G53: Februari | H53: 28 Januari 2026 | I53: 0 | J53: KONTRAK | K53: BM | L53: S1 | M53: IC | N53: IC1 | O53: Guru Quran SD | P53: GQD | Q53: 18 | R53: 18 | W53: 2 | AK53: =VLOOKUP(N53,Gapok!$B$5:$I$94,2,0) -> 1020000 | AL53: =0.8*VLOOKUP(P53,'TJ. FUNGSIONAL'!$B$4:$F$34,5,0) -> 720000 | AM53: =IF(R53+S53>=Q53,(VLOOKUP(N53,Gapok!$B$5:$I$94,5,0)),((VLOOKUP('PER UNIT'!N53,Gapok!$B$5:$I$94,4,0)*('PER UNIT'!R53+'PER UNIT'!S53)))) -> 375000 | AN53: =VLOOKUP(P53,'TJ. FUNGSIONAL'!$B$4:$E$34,4,0) -> 300000 | AO53: =50000*I53 -> 0 | AP53: 35000 | AQ53: =(W53*25000)+X53*75000+Y53*25000+AH53*100000+AI53*50000+AJ53*30000 -> 50000 | AR53: =Z53*30000+AA53*50000 -> 0 | AS53: =25000*AF53 -> 0 | BD53: =SUM(AK53:BC53) -> 2500000 | BE53: =T53*25000+U53*40000+V53*60000 -> 0 | BF53: =7500*S53 -> 0 | BG53: =250000*AD53+175000*AE53 -> 0 | BH53: 0 | BI53: 0 | BL53: =SUM(AU53:AW53) -> 0 | BP53: =SUM(BE53:BO53) -> 0 | BS53: =BD53-BP53+BQ53 -> 2500000 | BT53: 7325483018
A54: 48 | B54: SLP041 | C54: AA48 | D54: 214.054 | E54: SMPIT | F54: Tembilahan, 12 September 1989 | G54: Februari | H54: 14 Juli 2014 | I54: 11 | J54: TETAP | K54: BM | L54: S1 | M54: IIB | N54: IIB10 | O54: =VLOOKUP(P54,'TJ. FUNGSIONAL'!$B$4:$C$34,2,0) -> Wakil Kepala SMP | P54: WAP | Q54: 18 | R54: 15 | S54: 3 | Z54: 3 | AA54: 1 | AK54: =VLOOKUP(N54,Gapok!$B$5:$I$94,6,0) -> 2150000 | AL54: =VLOOKUP(P54,'TJ. FUNGSIONAL'!$B$4:$F$34,5,0) -> 2000000 | AM54: =IF(R54+S54>=Q54,(VLOOKUP(N54,Gapok!$B$5:$I$94,8,0)),((VLOOKUP('PER UNIT'!N54,Gapok!$B$5:$I$94,7,0)*('PER UNIT'!R54+'PER UNIT'!S54)))) -> 475000 | AN54: =VLOOKUP(P54,'TJ. FUNGSIONAL'!$B$4:$E$34,4,0) -> 500000 | AO54: =50000*I54 -> 550000 | AP54: 35000 | AQ54: =(W54*25000)+X54*75000+Y54*25000+AH54*100000+AI54*50000+AJ54*30000 -> 0 | AR54: =Z54*30000+AA54*50000 -> 140000 | AS54: =25000*AF54 -> 0 | BB54: 960000 | BC54: 84800 | BD54: =SUM(AK54:BC54) -> 6894800 | BE54: =T54*25000+U54*40000+V54*60000 -> 0 | BF54: =7500*S54 -> 22500 | BG54: =250000*AD54+175000*AE54 -> 0 | BH54: 35000 | BI54: 0 | BK54: 40000 | BL54: =SUM(AU54:AW54) -> 0 | BN54: 84800 | BP54: =SUM(BE54:BO54) -> 182300 | BS54: =BD54-BP54+BQ54 -> 6712500 | BT54: 7106887408
A55: 49 | B55: SLP037 | C55: AA49 | D55: 215.065 | E55: SMPIT | F55: Jumah, 16 Juni 1984 | G55: Februari | H55: 28 April 2015 | I55: 10 | J55: TETAP | K55: BM | L55: SMA | M55: IB | N55: IC1 | O55: =VLOOKUP(P55,'TJ. FUNGSIONAL'!$B$4:$C$34,2,0) -> Wakil Kepala SMP | P55: WAP | Q55: 18 | R55: 18 | S55: 0 | AA55: 3 | AG55: 45 | AK55: =VLOOKUP(N55,Gapok!$B$5:$I$94,6,0) -> 1350000 | AL55: =VLOOKUP(P55,'TJ. FUNGSIONAL'!$B$4:$F$34,5,0) -> 2000000 | AM55: =IF(R55+S55>=Q55,VLOOKUP(N55,Gapok!$B$5:$I$94,8,0),VLOOKUP('PER UNIT'!N55,Gapok!$B$5:$I$94,7,0)*('PER UNIT'!R55+'PER UNIT'!S55)) -> 425000 | AN55: 0 | AO55: =50000*I55 -> 500000 | AP55: 35000 | AQ55: =(W55*25000)+X55*75000+Y55*25000+AH55*100000+AI55*50000+AJ55*30000 -> 0 | AR55: =Z55*30000+AA55*50000 -> 150000 | AS55: =25000*AF55 -> 0 | AX55: =30000*AG55 -> 1350000 | AY55: Musrif/ah | BB55: 960000 | BC55: 84800 | BD55: =SUM(AK55:BC55) -> 6854800 | BE55: =T55*25000+U55*40000+V55*60000 -> 0 | BF55: =7500*S55 -> 0 | BG55: =250000*AD55+175000*AE55 -> 0 | BH55: 35000 | BI55: 0 | BK55: 40000 | BL55: =SUM(AU55:AW55) -> 0 | BN55: 84800 | BP55: =SUM(BE55:BO55) -> 159800 | BQ55: 300000 | BR55: tambahan masak smp | BS55: =BD55-BP55+BQ55 -> 6995000 | BT55: 7106887475
A56: 50 | B56: SLP038 | C56: AA50 | D56: 218.109 | E56: SMPIT | F56: Simalungun, 09 September 1995 | G56: Februari | H56: 9 Mei 2018 | I56: 7 | J56: TETAP | K56: MO | L56: S1 | M56: IIB | N56: IIC1 | O56: =VLOOKUP(P56,'TJ. FUNGSIONAL'!$B$4:$C$34,2,0) -> Kepala SMP | P56: KAP | Q56: 18 | R56: 15 | S56: 3 | W56: 1 | AA56: 1 | AI56: 1 | AK56: =VLOOKUP(N56,Gapok!$B$5:$I$94,6,0) -> 2200000 | AL56: =VLOOKUP(P56,'TJ. FUNGSIONAL'!$B$4:$F$34,5,0) -> 2300000 | AM56: =IF(R56+S56>=Q56,VLOOKUP(N56,Gapok!$B$5:$I$94,8,0),VLOOKUP('PER UNIT'!N56,Gapok!$B$5:$I$94,7,0)*('PER UNIT'!R56+'PER UNIT'!S56)) -> 500000 | AN56: =VLOOKUP(P56,'TJ. FUNGSIONAL'!$B$4:$E$34,4,0) -> 750000 | AO56: =50000*I56 -> 350000 | AP56: 35000 | AQ56: =(W56*25000)+X56*75000+Y56*25000+AH56*100000+AI56*50000+AJ56*30000 -> 75000 | AR56: =Z56*30000+AA56*50000 -> 50000 | AS56: =25000*AF56 -> 0 | AX56: =20000*AG56 -> 0 | BB56: 960000 | BC56: 84800 | BD56: =SUM(AK56:BC56) -> 7304800 | BE56: =T56*25000+U56*40000+V56*60000 -> 0 | BF56: =7500*S56 -> 22500 | BG56: =250000*AD56+175000*AE56 -> 0 | BH56: 35000 | BI56: 0 | BK56: 40000 | BL56: =SUM(AU56:AW56) -> 0 | BN56: 84800 | BP56: =SUM(BE56:BO56) -> 182300 | BS56: =BD56-BP56+BQ56 -> 7122500 | BT56: 7121723427
A57: 51 | B57: SLP052 | C57: AA51 | D57: 222.187 | E57: SMPIT | F57: Tanjung Jabung, 24 April 1988 | G57: Februari | H57: 26 April 2022 | I57: 3 | J57: KONTRAK | K57: M3 | L57: SMP | M57: 1A | N57: IA1 | O57: =VLOOKUP(P57,'TJ. FUNGSIONAL'!$B$4:$C$34,2,0) -> Petugas Keamanan | P57: PKY | Q57: 26 | R57: 23 | S57: 1 | U57: 2 | Z57: 7 | AA57: 6 | AF57: 18 | AK57: =VLOOKUP(N57,Gapok!$B$5:$I$94,2,0) -> 800000 | AL57: =VLOOKUP(P57,'TJ. FUNGSIONAL'!$B$4:$F$34,5,0) -> 1200000 | AM57: =IF(R57+S57>=Q57,VLOOKUP(N57,Gapok!$B$5:$I$94,8,0),VLOOKUP('PER UNIT'!N57,Gapok!$B$5:$I$94,7,0)*('PER UNIT'!R57+'PER UNIT'!S57)) -> 360000 | AN57: =VLOOKUP(P57,'TJ. FUNGSIONAL'!$B$4:$E$34,4,0) -> 300000 | AO57: =50000*I57 -> 150000 | AP57: 35000 | AQ57: =(W57*25000)+X57*75000+Y57*25000+AH57*100000+AI57*50000+AJ57*30000 -> 0 | AR57: =Z57*30000+AA57*50000 -> 510000 | AS57: =25000*AF57 -> 450000 | BD57: =SUM(AK57:BC57) -> 3805000 | BE57: =T57*25000+U57*40000+V57*60000 -> 80000 | BF57: - | BG57: 0 | BH57: 105000 | BI57: 187500 | BL57: =SUM(AU57:AW57) -> 0 | BP57: =SUM(BE57:BO57) -> 372500 | BQ57: =26*25000 -> 650000 | BR57: Tambahan 12 jam kerja | BS57: =BD57-BP57+BQ57 -> 4082500 | BT57: 7198389875
A58: 52 | B58: SLP053 | C58: AA52 | D58: 222.203 | E58: SMPIT | F58: Tanah Bekali, 13 September 1996 | G58: Februari | H58: 22 Agustus 2022 | I58: 2 | J58: KONTRAK | K58: BM | L58: SMA | M58: 1A | N58: IA1 | O58: =VLOOKUP(P58,'TJ. FUNGSIONAL'!$B$4:$C$34,2,0) -> Staf Admin SMP | P58: ADP | Q58: 18 | R58: 13 | S58: 5 | W58: 1 | Z58: 4 | AA58: 1 | AK58: =VLOOKUP(N58,Gapok!$B$5:$I$94,2,0) -> 800000 | AL58: =VLOOKUP(P58,'TJ. FUNGSIONAL'!$B$4:$F$34,3,0) -> 600000 | AM58: =IF(R58+S58>=Q58,(VLOOKUP(N58,Gapok!$B$5:$I$94,5,0)),((VLOOKUP('PER UNIT'!N58,Gapok!$B$5:$I$94,4,0)*('PER UNIT'!R58+'PER UNIT'!S58)))) -> 375000 | AN58: =VLOOKUP(P58,'TJ. FUNGSIONAL'!$B$4:$E$34,4,0) -> 300000 | AO58: =50000*I58 -> 100000 | AP58: 35000 | AQ58: =(W58*25000)+X58*75000+Y58*25000+AH58*100000+AI58*50000+AJ58*30000 -> 25000 | AR58: =Z58*30000+AA58*50000 -> 170000 | AS58: =25000*AF58 -> 0 | AX58: =30000*AG58 -> 0 | BD58: =SUM(AK58:BC58) -> 2405000 | BE58: =T58*25000+U58*40000+V58*60000 -> 0 | BF58: =7500*S58 -> 37500 | BG58: =250000*AD58+175000*AE58 -> 0 | BH58: 0 | BI58: 0 | BL58: =SUM(AU58:AW58) -> 0 | BP58: =SUM(BE58:BO58) -> 37500 | BS58: =BD58-BP58+BQ58 -> 2367500 | BT58: 7240885594
A59: 53 | B59: SLP054 | C59: AA53 | D59: 223.215 | E59: SMPIT | F59: Sungai Upih, 14 Oktober 2002 | G59: Februari | H59: 20 Februari 2025 | I59: 0 | J59: KONTRAK | K59: M0 | L59: SMA | M59: 1A | N59: IA1 | O59: Guru Quran SMP | P59: GQM | Q59: 18 | R59: 18 | AA59: 1 | AG59: 21 | AK59: =VLOOKUP(N59,Gapok!$B$5:$I$94,2,0) -> 800000 | AL59: =VLOOKUP(P59,'TJ. FUNGSIONAL'!$B$4:$F$34,3,0) -> 1150000 | AM59: =IF(R59+S59>=Q59,(VLOOKUP(N59,Gapok!$B$5:$I$94,5,0)),((VLOOKUP('PER UNIT'!N59,Gapok!$B$5:$I$94,4,0)*('PER UNIT'!R59+'PER UNIT'!S59)))) -> 375000 | AN59: 300000 | AO59: =50000*I59 -> 0 | AP59: 35000 | AQ59: =(W59*25000)+X59*75000+Y59*25000+AH59*100000+AI59*50000+AJ59*30000 -> 0 | AR59: =Z59*30000+AA59*50000 -> 50000 | AS59: =25000*AF59 -> 0 | AX59: =30000*AG59 -> 630000 | AY59: Musrif/ah | BD59: =SUM(AK59:BC59) -> 3340000 | BE59: =T59*25000+U59*40000+V59*60000 -> 0 | BF59: =7500*S59 -> 0 | BG59: =250000*AD59+175000*AE59 -> 0 | BH59: 0 | BI59: 200000 | BL59: =SUM(AU59:AW59) -> 0 | BP59: =SUM(BE59:BO59) -> 200000 | BS59: =BD59-BP59+BQ59 -> 3140000 | BT59: 7235709718
A60: 54 | B60: SLP055 | C60: AA54 | D60: 223.220 | E60: SMPIT | F60: Parit Berut, 14 Maret 1988 | G60: Februari | H60: 1 Juli 2023 | I60: 2 | J60: KONTRAK | K60: M0 | L60: SMA | M60: 1A | N60: IA1 | O60: =VLOOKUP(P60,'TJ. FUNGSIONAL'!$B$4:$C$34,2,0) -> Petugas Keamanan | P60: PKY | Q60: 28 | R60: 28 | Z60: 12 | AA60: 6 | AF60: 15 | AK60: =VLOOKUP(N60,Gapok!$B$5:$I$94,2,0) -> 800000 | AL60: =VLOOKUP(P60,'TJ. FUNGSIONAL'!$B$4:$F$34,3,0) -> 1200000 | AM60: =IF(R60+S60>=Q60,(VLOOKUP(N60,Gapok!$B$5:$I$94,5,0)),((VLOOKUP('PER UNIT'!N60,Gapok!$B$5:$I$94,4,0)*('PER UNIT'!R60+'PER UNIT'!S60)))) -> 375000 | AN60: =VLOOKUP(P60,'TJ. FUNGSIONAL'!$B$4:$E$34,4,0) -> 300000 | AO60: =50000*I60 -> 100000 | AP60: 35000 | AQ60: =(W60*25000)+X60*75000+Y60*25000+AH60*100000+AI60*50000+AJ60*30000 -> 0 | AR60: =Z60*30000+AA60*50000 -> 660000 | AS60: =25000*AF60 -> 375000 | AX60: =20000*AG60 -> 0 | BD60: =SUM(AK60:BC60) -> 3845000 | BE60: =T60*25000+U60*40000+V60*60000 -> 0 | BF60: =7500*S60 -> 0 | BG60: =250000*AD60+175000*AE60 -> 0 | BH60: 0 | BI60: 350000 | BL60: =SUM(AU60:AW60) -> 0 | BP60: =SUM(BE60:BO60) -> 350000 | BQ60: =28*25000 -> 700000 | BR60: Tambahan 12 jam kerja | BS60: =BD60-BP60+BQ60 -> 4195000 | BT60: 7241692517
A61: 55 | B61: SLP056 | C61: AA55 | D61: 224.234 | E61: SMPIT | F61: Batam, 05 Mei 2001 | G61: Februari | H61: 1 Juli 2024 | I61: 1 | J61: KONTRAK | K61: BM | L61: S1 | M61: 1C | N61: IC1 | O61: Guru Mapel SMP | P61: GMM | Q61: 18 | R61: 18 | AA61: 1 | AG61: 21 | AK61: =VLOOKUP(N61,Gapok!$B$5:$I$94,2,0) -> 1020000 | AL61: =VLOOKUP(P61,'TJ. FUNGSIONAL'!$B$4:$F$34,3,0) -> 1150000 | AM61: =IF(R61+S61>=Q61,(VLOOKUP(N61,Gapok!$B$5:$I$94,5,0)),((VLOOKUP('PER UNIT'!N61,Gapok!$B$5:$I$94,4,0)*('PER UNIT'!R61+'PER UNIT'!S61)))) -> 375000 | AN61: =VLOOKUP(P61,'TJ. FUNGSIONAL'!$B$4:$E$34,4,0) -> 0 | AO61: =50000*I61 -> 50000 | AP61: 35000 | AQ61: =(W61*25000)+X61*75000+Y61*25000+AH61*100000+AI61*50000+AJ61*30000 -> 0 | AR61: =Z61*30000+AA61*50000 -> 50000 | AS61: =25000*AF61 -> 0 | AX61: =30000*AG61 -> 630000 | AY61: Musrif/ah | BD61: =SUM(AK61:BC61) -> 3310000 | BE61: =T61*25000+U61*40000+V61*60000 -> 0 | BF61: =7500*S61 -> 0 | BG61: =250000*AD61+175000*AE61 -> 0 | BH61: 0 | BI61: 0 | BL61: =SUM(AU61:AW61) -> 0 | BP61: =SUM(BE61:BO61) -> 0 | BS61: =BD61-BP61+BQ61 -> 3310000 | BT61: 7275572211
A62: 56 | B62: SLP057 | C62: AA56 | D62: 224.246 | E62: SMPIT | F62: Blitar. 19 Mei 1999 | G62: Februari | H62: 23 November 2024 | I62: 0 | J62: KONTRAK | K62: BM | L62: S1 | M62: 1C | N62: IC1 | O62: Guru Quran SMP | P62: GQM | Q62: 18 | R62: 18 | AA62: 1 | AG62: 21 | AI62: 3 | AK62: =VLOOKUP(N62,Gapok!$B$5:$I$94,2,0) -> 1020000 | AL62: =VLOOKUP(P62,'TJ. FUNGSIONAL'!$B$4:$F$34,3,0) -> 1150000 | AM62: =IF(R62+S62>=Q62,(VLOOKUP(N62,Gapok!$B$5:$I$94,5,0)),((VLOOKUP('PER UNIT'!N62,Gapok!$B$5:$I$94,4,0)*('PER UNIT'!R62+'PER UNIT'!S62)))) -> 375000 | AN62: =VLOOKUP(P62,'TJ. FUNGSIONAL'!$B$4:$E$34,4,0) -> 0 | AO62: =50000*I62 -> 0 | AP62: 35000 | AQ62: =(W62*25000)+X62*75000+Y62*25000+AH62*100000+AI62*50000+AJ62*30000 -> 150000 | AR62: =Z62*30000+AA62*50000 -> 50000 | AS62: =25000*AF62 -> 0 | AX62: =30000*AG62 -> 630000 | AY62: Musrif/ah | BD62: =SUM(AK62:BC62) -> 3410000 | BE62: =T62*25000+U62*40000+V62*60000 -> 0 | BF62: =7500*S62 -> 0 | BG62: =250000*AD62+175000*AE62 -> 0 | BH62: 0 | BI62: 0 | BL62: =SUM(AU62:AW62) -> 0 | BP62: =SUM(BE62:BO62) -> 0 | BS62: =BD62-BP62+BQ62 -> 3410000 | BT62: 7153743937
A63: 57 | B63: SLP058 | C63: AA57 | D63: 224.247 | E63: SMPIT | F63: Pekan Baru, 26 Oktober 1987 | G63: Februari | H63: 6 November 2024 | I63: 0 | J63: KONTRAK | K63: M0 | L63: S1 | M63: 1C | N63: IC10 | O63: Guru Mapel SMP | P63: GMM | Q63: 18 | R63: 12 | S63: 6 | W63: 1 | AA63: 1 | AK63: =VLOOKUP(N63,Gapok!$B$5:$I$94,2,0) -> 1200000 | AL63: =VLOOKUP(P63,'TJ. FUNGSIONAL'!$B$4:$F$34,3,0) -> 1150000 | AM63: =IF(R63+S63>=Q63,(VLOOKUP(N63,Gapok!$B$5:$I$94,5,0)),((VLOOKUP('PER UNIT'!N63,Gapok!$B$5:$I$94,4,0)*('PER UNIT'!R63+'PER UNIT'!S63)))) -> 375000 | AN63: 300000 | AO63: =50000*I63 -> 0 | AP63: 35000 | AQ63: =(W63*25000)+X63*75000+Y63*25000+AH63*100000+AI63*50000+AJ63*30000 -> 25000 | AR63: =Z63*30000+AA63*50000 -> 50000 | AS63: =25000*AF63 -> 0 | AX63: =30000*AG63 -> 0 | BD63: =SUM(AK63:BC63) -> 3135000 | BE63: =T63*25000+U63*40000+V63*60000 -> 0 | BF63: =7500*S63 -> 45000 | BG63: =250000*AD63+175000*AE63 -> 0 | BH63: 0 | BI63: 0 | BL63: =SUM(AU63:AW63) -> 0 | BP63: =SUM(BE63:BO63) -> 45000 | BS63: =BD63-BP63+BQ63 -> 3090000 | BT63: 7007894354
A64: 58 | B64: SLP059 | C64: AA58 | D64: 224.248 | E64: SMPIT | F64: Jakarta, 14 Agustus 1995 | G64: Februari | H64: 6 November 2024 | I64: 0 | J64: KONTRAK | K64: M0 | L64: S1 | M64: 1C | N64: IC1 | O64: Guru Quran SMP | P64: GQM | Q64: 18 | R64: 12 | S64: 6 | W64: 1 | AA64: 2 | AK64: =VLOOKUP(N64,Gapok!$B$5:$I$94,2,0) -> 1020000 | AL64: 900000 | AM64: =IF(R64+S64>=Q64,(VLOOKUP(N64,Gapok!$B$5:$I$94,5,0)),((VLOOKUP('PER UNIT'!N64,Gapok!$B$5:$I$94,4,0)*('PER UNIT'!R64+'PER UNIT'!S64)))) -> 375000 | AN64: 300000 | AO64: =50000*I64 -> 0 | AP64: 35000 | AQ64: =(W64*25000)+X64*75000+Y64*25000+AH64*100000+AI64*50000+AJ64*30000 -> 25000 | AR64: =Z64*30000+AA64*50000 -> 100000 | AS64: =25000*AF64 -> 0 | AX64: =30000*AG64 -> 0 | BD64: =SUM(AK64:BC64) -> 2755000 | BE64: =T64*25000+U64*40000+V64*60000 -> 0 | BF64: =7500*S64 -> 45000 | BG64: =250000*AD64+175000*AE64 -> 0 | BH64: 0 | BI64: 0 | BL64: =SUM(AU64:AW64) -> 0 | BP64: =SUM(BE64:BO64) -> 45000 | BS64: =BD64-BP64+BQ64 -> 2710000 | BT64: 7144715308
A65: 59 | B65: SLP060 | C65: AA59 | D65: 225.259 | E65: SMPIT | F65: Tanjung Balai, 21 Maret 2004 | G65: Februari | H65: 15 September 2025 | I65: 0 | J65: KONTRAK | K65: BM | L65: SMA | M65: 1A | N65: IA1 | O65: Guru Quran SMP | P65: GQM | Q65: 18 | R65: 18 | W65: 1 | AA65: 1 | AG65: 21 | AK65: =VLOOKUP(N65,Gapok!$B$5:$I$94,2,0) -> 800000 | AL65: =VLOOKUP(P65,'TJ. FUNGSIONAL'!$B$4:$F$34,3,0) -> 1150000 | AM65: =IF(R65+S65>=Q65,(VLOOKUP(N65,Gapok!$B$5:$I$94,5,0)),((VLOOKUP('PER UNIT'!N65,Gapok!$B$5:$I$94,4,0)*('PER UNIT'!R65+'PER UNIT'!S65)))) -> 375000 | AN65: =VLOOKUP(P65,'TJ. FUNGSIONAL'!$B$4:$E$34,4,0) -> 0 | AO65: =50000*I65 -> 0 | AP65: 35000 | AQ65: =(W65*25000)+X65*75000+Y65*25000+AH65*100000+AI65*50000+AJ65*30000 -> 25000 | AR65: =Z65*30000+AA65*50000 -> 50000 | AS65: =25000*AF65 -> 0 | AX65: =30000*AG65 -> 630000 | AY65: Musrif/ah | BD65: =SUM(AK65:BC65) -> 3065000 | BE65: =T65*25000+U65*40000+V65*60000 -> 0 | BF65: =7500*S65 -> 0 | BG65: =250000*AD65+175000*AE65 -> 0 | BH65: 0 | BI65: 0 | BL65: =SUM(AU65:AW65) -> 0 | BP65: =SUM(BE65:BO65) -> 0 | BS65: =BD65-BP65+BQ65 -> 3065000 | BT65: 7328758142
A66: 60 | B66: SLP061 | C66: AA60 | D66: 225.260 | E66: SMPIT | F66: Batam, 25 Maret 2001 | G66: Februari | H66: 15 September 2025 | I66: 0 | J66: KONTRAK | K66: BM | L66: S1 | M66: 1C | N66: IC1 | O66: Guru Quran SMP | P66: GQM | Q66: 18 | R66: 18 | W66: 1 | AA66: 1 | AG66: 21 | AK66: =VLOOKUP(N66,Gapok!$B$5:$I$94,2,0) -> 1020000 | AL66: =VLOOKUP(P66,'TJ. FUNGSIONAL'!$B$4:$F$34,3,0) -> 1150000 | AM66: =IF(R66+S66>=Q66,(VLOOKUP(N66,Gapok!$B$5:$I$94,5,0)),((VLOOKUP('PER UNIT'!N66,Gapok!$B$5:$I$94,4,0)*('PER UNIT'!R66+'PER UNIT'!S66)))) -> 375000 | AN66: =VLOOKUP(P66,'TJ. FUNGSIONAL'!$B$4:$E$34,4,0) -> 0 | AO66: =50000*I66 -> 0 | AP66: 35000 | AQ66: =(W66*25000)+X66*75000+Y66*25000+AH66*100000+AI66*50000+AJ66*30000 -> 25000 | AR66: =Z66*30000+AA66*50000 -> 50000 | AS66: =25000*AF66 -> 0 | AX66: =30000*AG66 -> 630000 | AY66: Musrif/ah | BD66: =SUM(AK66:BC66) -> 3285000 | BE66: =T66*25000+U66*40000+V66*60000 -> 0 | BF66: =7500*S66 -> 0 | BG66: =250000*AD66+175000*AE66 -> 0 | BH66: 0 | BI66: 0 | BL66: =SUM(AU66:AW66) -> 0 | BP66: =SUM(BE66:BO66) -> 0 | BS66: =BD66-BP66+BQ66 -> 3285000 | BT66: 7129294447
BS68: =SUM(BS7:BS66) -> 211596500
